Year,Country,Happiness Rank,Happiness Score,GDPperCap,Freedom,Health (Life Expectancy),img
2015,Switzerland,1,7.587,1.39651,0.66557,0.94143
2015,Iceland,2,7.561,1.30232,0.62877,0.94784
2015,Denmark,3,7.527,1.32548,0.64938,0.87464
2015,Norway,4,7.522,1.459,0.66973,0.88521
2015,Canada,5,7.427,1.32629,0.63297,0.90563
2015,Finland,6,7.406,1.29025,0.64169,0.88911
2015,Netherlands,7,7.378,1.32944,0.61576,0.89284
2015,Sweden,8,7.364,1.33171,0.6598,0.91087
2015,New Zealand,9,7.286,1.25018,0.63938,0.90837
2015,Australia,10,7.284,1.33358,0.65124,0.93156
2015,Israel,11,7.278,1.22857,0.41319,0.91387
2015,Costa Rica,12,7.226,0.95578,0.63376,0.86027
2015,Austria,13,7.2,1.33723,0.62433,0.89042
2015,Mexico,14,7.187,1.02054,0.48181,0.81444
2015,United States of America,15,7.119,1.39451,0.54604,0.86179,data/us.png
2015,Brazil,16,6.983,0.98124,0.49049,0.69702
2015,Luxembourg,17,6.946,1.56391,0.61583,0.91894
2015,Ireland,18,6.94,1.33596,0.61777,0.89533
2015,Belgium,19,6.937,1.30782,0.5845,0.89667
2015,United Arab Emirates,20,6.901,1.42727,0.64157,0.80925
2015,United Kingdom,21,6.867,1.26637,0.59625,0.90943
2015,Oman,22,6.853,1.36011,0.63274,0.76276
2015,Venezuela,23,6.81,1.04424,0.42908,0.72052
2015,Singapore,24,6.798,1.52186,0.54252,1.02525
2015,Panama,25,6.786,1.06353,0.5421,0.79661
2015,Germany,26,6.75,1.32792,0.61477,0.89186
2015,Chile,27,6.67,1.10715,0.44132,0.85857
2015,Qatar,28,6.611,1.69042,0.6404,0.79733
2015,France,29,6.575,1.27778,0.55011,0.94579
2015,Argentina,30,6.574,1.05351,0.44974,0.78723
2015,Czech Republic,31,6.505,1.17898,0.46364,0.84483
2015,Uruguay,32,6.485,1.06166,0.60362,0.8116
2015,Colombia,33,6.477,0.91861,0.53466,0.69077
2015,Thailand,34,6.455,0.9669,0.55664,0.7385
2015,Saudi Arabia,35,6.411,1.39541,0.31048,0.72025
2015,Spain,36,6.329,1.23011,0.45951,0.95562
2015,Malta,37,6.302,1.2074,0.60365,0.88721
2015,Taiwan,38,6.298,1.29098,0.3974,0.8753
2015,Kuwait,39,6.295,1.55422,0.55499,0.72492
2015,Suriname,40,6.269,0.99534,0.59657,0.6082
2015,Trinidad and Tobago,41,6.168,1.21183,0.55884,0.61483
2015,El Salvador,42,6.13,0.76454,0.4035,0.67737
2015,Guatemala,43,6.123,0.74553,0.57733,0.64425
2015,Uzbekistan,44,6.003,0.63244,0.65821,0.59772
2015,Slovakia,45,5.995,1.16891,0.31751,0.78902
2015,Japan,46,5.987,1.27074,0.49615,0.99111
2015,South Korea,47,5.984,1.24461,0.33208,0.96538
2015,Ecuador,48,5.975,0.86402,0.48574,0.79075
2015,Bahrain,49,5.96,1.32376,0.45492,0.74716
2015,Italy,50,5.948,1.25114,0.26236,0.95446
2015,Bolivia,51,5.89,0.68133,0.57414,0.5392
2015,Moldova,52,5.889,0.59448,0.32818,0.61826
2015,Paraguay,53,5.878,0.75985,0.53899,0.66098
2015,Kazakhstan,54,5.855,1.12254,0.51649,0.64368
2015,Slovenia,55,5.848,1.18498,0.60855,0.87337
2015,Lithuania,56,5.833,1.14723,0.21342,0.73128
2015,Nicaragua,57,5.828,0.59325,0.55475,0.74314
2015,Peru,58,5.824,0.90019,0.41496,0.73017
2015,Belarus,59,5.813,1.03192,0.37938,0.73608
2015,Poland,60,5.791,1.12555,0.53122,0.77903
2015,Malaysia,61,5.77,1.12486,0.53024,0.72394
2015,Croatia,62,5.759,1.08254,0.25883,0.78805
2015,Libya,63,5.754,1.13145,0.41668,0.7038
2015,Russia,64,5.716,1.13764,0.36679,0.66926
2015,Jamaica,65,5.709,0.81038,0.50442,0.68741
2015,North Cyprus,66,5.695,1.20806,0.49027,0.92356
2015,Cyprus,67,5.689,1.20813,0.40672,0.92356
2015,Algeria,68,5.605,0.93929,0.28579,0.61766
2015,Kosovo,69,5.589,0.80148,0.24749,0.63132
2015,Turkmenistan,70,5.548,0.95847,0.4761,0.53886
2015,Mauritius,71,5.477,1.00761,0.56066,0.7095
2015,Hong Kong,72,5.474,1.38604,0.59608,1.01328
2015,Estonia,73,5.429,1.15174,0.44888,0.77361
2015,Indonesia,74,5.399,0.82827,0.46611,0.63793
2015,Vietnam,75,5.36,0.63216,0.59444,0.74676
2015,Turkey,76,5.332,1.06098,0.22815,0.73172
2015,Kyrgyzstan,77,5.286,0.47428,0.43477,0.65088
2015,Nigeria,78,5.268,0.65435,0.34334,0.16007
2015,Bhutan,79,5.253,0.77042,0.53206,0.57407
2015,Azerbaijan,80,5.212,1.02389,0.3703,0.64045
2015,Pakistan,81,5.194,0.59543,0.12102,0.51466
2015,Jordan,82,5.192,0.90198,0.40661,0.69639
2015,Montenegro,82,5.192,0.97438,0.1826,0.72521
2015,China,84,5.14,0.89012,0.51697,0.81658
2015,Zambia,85,5.129,0.47038,0.48827,0.29924
2015,Romania,86,5.124,1.04345,0.35068,0.7689
2015,Serbia,87,5.123,0.92053,0.20107,0.74836
2015,Portugal,88,5.102,1.15991,0.51469,0.87519
2015,Latvia,89,5.098,1.11312,0.29671,0.72437
2015,Philippines,90,5.073,0.70532,0.62545,0.58114
2015,Somaliland region,91,5.057,0.18847,0.46582,0.43873
2015,Morocco,92,5.013,0.73479,0.41691,0.60954
2015,Macedonia,93,5.007,0.91851,0.33457,0.73545
2015,Mozambique,94,4.971,0.08308,0.34037,0.09131
2015,Albania,95,4.959,0.87867,0.35733,0.81325
2015,Bosnia and Herzegovina,96,4.949,0.83223,0.09245,0.79081
2015,Lesotho,97,4.898,0.37545,0.31767,0.07612
2015,Dominican Republic,98,4.885,0.89537,0.57672,0.66825
2015,Laos,99,4.876,0.59066,0.59591,0.54909
2015,Mongolia,100,4.874,0.82819,0.43626,0.60268
2015,Swaziland,101,4.867,0.71206,0.30658,0.07566
2015,Greece,102,4.857,1.15406,0.07699,0.88213
2015,Lebanon,103,4.839,1.02564,0.33916,0.83947
2015,Hungary,104,4.8,1.12094,0.32112,0.75905
2015,Honduras,105,4.788,0.59532,0.40148,0.6951
2015,Tajikistan,106,4.786,0.39047,0.47216,0.57379
2015,Tunisia,107,4.739,0.88113,0.26268,0.73793
2015,Palestinian Territories,108,4.715,0.59867,0.24499,0.66015
2015,Bangladesh,109,4.694,0.39753,0.4082,0.60164
2015,Iran,110,4.686,1.0088,0.30033,0.69805
2015,Ukraine,111,4.681,0.79907,0.25123,0.6739
2015,Iraq,112,4.677,0.98549,0,0.60237
2015,South Africa,113,4.642,0.92049,0.33207,0.27688
2015,Ghana,114,4.633,0.54558,0.42342,0.40132
2015,Zimbabwe,115,4.61,0.271,0.25861,0.33475
2015,Liberia,116,4.571,0.0712,0.28531,0.34201
2015,India,117,4.565,0.64499,0.39786,0.51529
2015,Sudan,118,4.55,0.52107,0.10081,0.36878
2015,Haiti,119,4.518,0.26673,0.24425,0.38847
2015,Congo (Kinshasa),120,4.517,0,0.22605,0.09806
2015,Nepal,121,4.514,0.35997,0.38282,0.56874
2015,Ethiopia,122,4.512,0.19073,0.4345,0.44055
2015,Sierra Leone,123,4.507,0.33024,0.4084,0
2015,Mauritania,124,4.436,0.45407,0.24232,0.35874
2015,Kenya,125,4.419,0.36471,0.42215,0.41435
2015,Djibouti,126,4.369,0.44025,0.46074,0.36291
2015,Armenia,127,4.35,0.76821,0.19847,0.7299
2015,Botswana,128,4.332,0.99355,0.49495,0.04776
2015,Myanmar,129,4.307,0.27108,0.44017,0.48246
2015,Georgia,130,4.297,0.7419,0.40577,0.72926
2015,Malawi,131,4.292,0.01604,0.43054,0.22562
2015,Sri Lanka,132,4.271,0.83524,0.53726,0.70806
2015,Cameroon,133,4.252,0.4225,0.49309,0.23402
2015,Bulgaria,134,4.218,1.01216,0.30587,0.76649
2015,Egypt,135,4.194,0.8818,0.17288,0.61712
2015,Yemen,136,4.077,0.54649,0.35571,0.40064
2015,Angola,137,4.033,0.75778,0.10384,0.16683
2015,Mali,138,3.995,0.26074,0.38857,0.20583
2015,Congo (Brazzaville),139,3.989,0.67866,0.41466,0.31051
2015,Comoros,140,3.956,0.23906,0.22917,0.36315
2015,Uganda,141,3.931,0.21102,0.45727,0.33861
2015,Senegal,142,3.904,0.36498,0.36772,0.4354
2015,Gabon,143,3.896,1.06024,0.31914,0.43372
2015,Niger,144,3.845,0.0694,0.47692,0.29707
2015,Cambodia,145,3.819,0.46038,0.66246,0.61114
2015,Tanzania,146,3.781,0.2852,0.32878,0.38215
2015,Madagascar,147,3.681,0.20824,0.19184,0.46721
2015,Central African Republic,148,3.678,0.0785,0.48879,0.06699
2015,Chad,149,3.667,0.34193,0.23501,0.1501
2015,Guinea,150,3.656,0.17417,0.37725,0.24009
2015,Ivory Coast,151,3.655,0.46534,0.46866,0.15185
2015,Burkina Faso,152,3.587,0.25812,0.39493,0.27125
2015,Afghanistan,153,3.575,0.31982,0.23414,0.30335
2015,Rwanda,154,3.465,0.22208,0.59201,0.42864
2015,Benin,155,3.34,0.28665,0.4845,0.3191
2015,Syria,156,3.006,0.6632,0.15684,0.72193,data/syria.png
2015,Burundi,157,2.905,0.0153,0.1185,0.22396
2015,Togo,158,2.839,0.20868,0.36453,0.28443
2016,Denmark,1,7.526,1.44178,0.57941,0.79504
2016,Switzerland,2,7.509,1.52733,0.58557,0.86303
2016,Iceland,3,7.501,1.42666,0.56624,0.86733
2016,Norway,4,7.498,1.57744,0.59609,0.79579
2016,Finland,5,7.413,1.40598,0.57104,0.81091
2016,Canada,6,7.404,1.44015,0.5737,0.8276
2016,Netherlands,7,7.339,1.46468,0.55211,0.81231
2016,New Zealand,8,7.334,1.36066,0.58147,0.83096
2016,Australia,9,7.313,1.44443,0.56837,0.8512
2016,Sweden,10,7.291,1.45181,0.58218,0.83121
2016,Israel,11,7.267,1.33766,0.36432,0.84917
2016,Austria,12,7.119,1.45038,0.54355,0.80565
2016,United States of America,13,7.104,1.50796,0.48163,0.779,data/us.png
2016,Costa Rica,14,7.087,1.06879,0.55225,0.76146
2016,Puerto Rico,15,7.039,1.35943,0.46823,0.77758
2016,Germany,16,6.994,1.44787,0.53466,0.81487
2016,Brazil,17,6.952,1.08754,0.40425,0.61415
2016,Belgium,18,6.929,1.42539,0.51354,0.81959
2016,Ireland,19,6.907,1.48341,0.54008,0.81455
2016,Luxembourg,20,6.871,1.69752,0.5487,0.84542
2016,Mexico,21,6.778,1.11508,0.37709,0.71143
2016,Singapore,22,6.739,1.64555,0.4877,0.94719
2016,United Kingdom,23,6.725,1.40283,0.50036,0.80991
2016,Chile,24,6.705,1.2167,0.37789,0.81883
2016,Panama,25,6.701,1.18306,0.48927,0.70835
2016,Argentina,26,6.65,1.15137,0.42284,0.69711
2016,Czech Republic,27,6.596,1.30915,0.41418,0.76376
2016,United Arab Emirates,28,6.573,1.57352,0.56215,0.72993
2016,Uruguay,29,6.545,1.18157,0.54388,0.72183
2016,Malta,30,6.488,1.30782,0.54994,0.80315
2016,Colombia,31,6.481,1.03032,0.44735,0.59659
2016,France,32,6.478,1.39488,0.46562,0.83795
2016,Thailand,33,6.474,1.0893,0.49553,0.64915
2016,Saudi Arabia,34,6.379,1.48953,0.37904,0.59267
2016,Taiwan,34,6.379,1.39729,0.32377,0.79565
2016,Qatar,36,6.375,1.82427,0.56679,0.71723
2016,Spain,37,6.361,1.34253,0.37545,0.87896
2016,Algeria,38,6.355,1.05266,0.21006,0.61804
2016,Guatemala,39,6.324,0.83454,0.50379,0.54039
2016,Suriname,40,6.269,1.09686,0.52234,0.50933
2016,Kuwait,41,6.239,1.61714,0.43166,0.63569
2016,Bahrain,42,6.218,1.44024,0.47375,0.65696
2016,Trinidad and Tobago,43,6.168,1.32572,0.48453,0.52608
2016,Venezuela,44,6.084,1.13367,0.19847,0.61904
2016,Slovakia,45,6.078,1.27973,0.23391,0.70367
2016,El Salvador,46,6.068,0.8737,0.37269,0.596
2016,Malaysia,47,6.005,1.25142,0.39031,0.62366
2016,Nicaragua,48,5.992,0.69384,0.46582,0.65213
2016,Uzbekistan,49,5.987,0.73591,0.60848,0.50163
2016,Italy,50,5.977,1.35495,0.18827,0.85102
2016,Ecuador,51,5.976,0.97306,0.4027,0.68613
2016,Belize,52,5.956,0.87616,0.51231,0.45569
2016,Japan,53,5.921,1.38007,0.46761,0.91491
2016,Kazakhstan,54,5.919,1.22943,0.4052,0.57386
2016,Moldova,55,5.897,0.69177,0.25202,0.52309
2016,Russia,56,5.856,1.23228,0.32682,0.58991
2016,Poland,57,5.835,1.24585,0.4519,0.69058
2016,South Korea,57,5.835,1.35948,0.25168,0.88645
2016,Bolivia,59,5.822,0.79422,0.50961,0.4697
2016,Lithuania,60,5.813,1.2692,0.18929,0.64674
2016,Belarus,61,5.802,1.13062,0.29091,0.63104
2016,North Cyprus,62,5.771,1.31141,0.43596,0.84142
2016,Slovenia,63,5.768,1.29947,0.53164,0.79151
2016,Peru,64,5.743,0.99602,0.37502,0.62994
2016,Turkmenistan,65,5.658,1.08017,0.37408,0.44006
2016,Mauritius,66,5.648,1.14372,0.46145,0.66189
2016,Libya,67,5.615,1.06688,0.40672,0.52304
2016,Latvia,68,5.56,1.21788,0.27996,0.63952
2016,Cyprus,69,5.546,1.31857,0.29507,0.8488
2016,Paraguay,70,5.538,0.89373,0.46235,0.58295
2016,Romania,71,5.528,1.1697,0.36712,0.67602
2016,Estonia,72,5.517,1.27964,0.41511,0.68098
2016,Jamaica,73,5.51,0.89333,0.43597,0.59469
2016,Croatia,74,5.488,1.18649,0.23907,0.70524
2016,Hong Kong,75,5.458,1.5107,0.48079,0.95277
2016,Somalia,76,5.44,0,0.56778,0.11466
2016,Kosovo,77,5.401,0.90145,0.14396,0.54
2016,Turkey,78,5.389,1.16492,0.23889,0.64718
2016,Indonesia,79,5.314,0.95104,0.39237,0.49374
2016,Jordan,80,5.303,0.99673,0.36023,0.60712
2016,Azerbaijan,81,5.291,1.12373,0.35327,0.54504
2016,Philippines,82,5.279,0.81217,0.54854,0.47036
2016,China,83,5.245,1.0278,0.44012,0.73561
2016,Bhutan,84,5.196,0.8527,0.46074,0.49759
2016,Kyrgyzstan,85,5.185,0.56044,0.40212,0.55449
2016,Serbia,86,5.177,1.03437,0.15718,0.6458
2016,Bosnia and Herzegovina,87,5.163,0.93383,0.09511,0.70766
2016,Montenegro,88,5.161,1.07838,0.15111,0.63533
2016,Dominican Republic,89,5.155,1.02787,0.52259,0.57669
2016,Morocco,90,5.151,0.84058,0.25646,0.59471
2016,Hungary,91,5.145,1.24142,0.1977,0.67608
2016,Pakistan,92,5.132,0.68816,0.14622,0.40306
2016,Lebanon,93,5.129,1.12268,0.26228,0.76171
2016,Portugal,94,5.123,1.27607,0.44727,0.79363
2016,Macedonia,95,5.121,1.0193,0.27668,0.64738
2016,Vietnam,96,5.061,0.74037,0.55954,0.66157
2016,Somaliland Region,97,5.057,0.25558,0.3913,0.33108
2016,Tunisia,98,5.045,0.97724,0.23553,0.59577
2016,Greece,99,5.033,1.24886,0.05822,0.80029
2016,Tajikistan,100,4.996,0.48835,0.43408,0.53119
2016,Mongolia,101,4.907,0.98853,0.35972,0.55469
2016,Laos,102,4.876,0.68042,0.52168,0.38291
2016,Nigeria,103,4.875,0.75216,0.27854,0.05108
2016,Honduras,104,4.871,0.69429,0.26755,0.58383
2016,Iran,105,4.813,1.11758,0.22544,0.64232
2016,Zambia,106,4.795,0.61202,0.42662,0.23573
2016,Nepal,107,4.793,0.44626,0.37012,0.50073
2016,Palestinian Territories,108,4.754,0.67024,0.17744,0.56844
2016,Albania,109,4.655,0.9553,0.31866,0.73007
2016,Bangladesh,110,4.643,0.54177,0.39778,0.52989
2016,Sierra Leone,111,4.635,0.36485,0.30685,0
2016,Iraq,112,4.575,1.07474,0.24856,0.51076
2016,Namibia,113,4.574,0.93287,0.48614,0.34745
2016,Cameroon,114,4.513,0.52497,0.42736,0.12698
2016,Ethiopia,115,4.508,0.29283,0.36703,0.34578
2016,South Africa,116,4.459,1.02416,0.42483,0.18611
2016,Sri Lanka,117,4.415,0.97318,0.50817,0.62007
2016,India,118,4.404,0.74036,0.40285,0.45091
2016,Myanmar,119,4.395,0.34112,0.42692,0.3988
2016,Egypt,120,4.362,0.95395,0.18847,0.52116
2016,Armenia,121,4.36,0.86086,0.14037,0.64083
2016,Kenya,122,4.356,0.52267,0.40576,0.30147
2016,Ukraine,123,4.324,0.87287,0.12859,0.58628
2016,Ghana,124,4.276,0.63107,0.40973,0.29681
2016,Congo (Kinshasa),125,4.272,0.05661,0.15602,0.188
2016,Georgia,126,4.252,0.83792,0.32461,0.64035
2016,Congo (Brazzaville),127,4.236,0.77109,0.37938,0.28212
2016,Senegal,128,4.219,0.44314,0.31056,0.40457
2016,Bulgaria,129,4.217,1.11306,0.21219,0.67806
2016,Mauritania,130,4.201,0.61391,0.1268,0.28639
2016,Zimbabwe,131,4.193,0.35041,0.25429,0.1595
2016,Malawi,132,4.156,0.08709,0.4143,0.29364
2016,Sudan,133,4.139,0.63069,0,0.29759
2016,Gabon,134,4.121,1.15851,0.28098,0.3494
2016,Mali,135,4.073,0.31292,0.27544,0.16347
2016,Haiti,136,4.028,0.34097,0.12072,0.27494
2016,Botswana,137,3.974,1.09426,0.44089,0.34752
2016,Comoros,138,3.956,0.27509,0.15412,0.29981
2016,Ivory Coast,139,3.916,0.55507,0.40663,0.04476
2016,Cambodia,140,3.907,0.55604,0.58852,0.42494
2016,Angola,141,3.866,0.84731,0.00589,0.04991
2016,Niger,142,3.856,0.1327,0.38041,0.26162
2016,South Sudan,143,3.832,0.39394,0.19662,0.15781
2016,Chad,144,3.763,0.42214,0.12807,0.03824
2016,Burkina Faso,145,3.739,0.31995,0.3337,0.21297
2016,Uganda,145,3.739,0.34719,0.43653,0.19625
2016,Yemen,147,3.724,0.57939,0.2287,0.31048
2016,Madagascar,148,3.695,0.27954,0.13684,0.37109
2016,Tanzania,149,3.666,0.47155,0.3176,0.357
2016,Liberia,150,3.622,0.10706,0.25748,0.23165
2016,Guinea,151,3.607,0.22415,0.30953,0.18829
2016,Rwanda,152,3.515,0.32846,0.5432,0.31865
2016,Benin,153,3.484,0.39499,0.39747,0.21028
2016,Afghanistan,154,3.36,0.38227,0.1643,0.17344
2016,Togo,155,3.303,0.28123,0.34678,0.24811
2016,Syria,156,3.069,0.74719,0.06912,0.62994,data/syria.png
2016,Burundi,157,2.905,0.06831,0.0432,0.15747
2017,Norway,1,7.537000179,1.616463184,0.6354225874,0.796666503
2017,Denmark,2,7.521999836,1.482383013,0.6260067225,0.7925655246
2017,Iceland,3,7.504000187,1.48063302,0.6271626353,0.8335521221
2017,Switzerland,4,7.493999958,1.564979553,0.6200705767,0.8581312895
2017,Finland,5,7.468999863,1.443571925,0.6179508567,0.8091576695
2017,Netherlands,6,7.376999855,1.503944635,0.5853844881,0.810696125
2017,Canada,7,7.315999985,1.479204416,0.6111009121,0.8345576525
2017,New Zealand,8,7.31400013,1.405706048,0.6140621305,0.8167597055
2017,Sweden,9,7.28399992,1.494387269,0.612924099,0.8308751583
2017,Australia,10,7.28399992,1.484414935,0.6016073823,0.8438867927
2017,Israel,11,7.212999821,1.375382423,0.4059886038,0.8384039998
2017,Costa Rica,12,7.078999996,1.109706283,0.58013165,0.7595092654
2017,Austria,13,7.006000042,1.487097263,0.5677661896,0.8153284192
2017,United States of America,14,6.993000031,1.546259284,0.5057405233,0.7742866278,data/us.png
2017,Ireland,15,6.977000237,1.535706639,0.573110342,0.8097826242
2017,Germany,16,6.951000214,1.487923384,0.5625113845,0.7989507318
2017,Belgium,17,6.890999794,1.463780761,0.5397707224,0.8180918694
2017,Luxembourg,18,6.862999916,1.741943598,0.5966278911,0.8450894952
2017,United Kingdom,19,6.714000225,1.44163394,0.5081900358,0.8053359389
2017,Chile,20,6.65199995,1.25278461,0.3768952787,0.8194797039
2017,United Arab Emirates,21,6.647999763,1.626343369,0.6083452702,0.7267982364
2017,Brazil,22,6.635000229,1.10735321,0.4374537468,0.6165523529
2017,Czech Republic,23,6.609000206,1.352682352,0.4909461737,0.7544440031
2017,Argentina,24,6.598999977,1.185295463,0.4945192039,0.6951370835
2017,Mexico,25,6.578000069,1.153183818,0.4127300084,0.7099789977
2017,Singapore,26,6.572000027,1.69227767,0.5498405695,0.9494923949
2017,Malta,27,6.52699995,1.343279839,0.5887670517,0.8219442368
2017,Uruguay,28,6.453999996,1.217559695,0.5793922544,0.7192168236
2017,Guatemala,29,6.453999996,0.872001946,0.5313106179,0.5402399898
2017,Panama,30,6.452000141,1.233748436,0.550026834,0.7061561346
2017,France,31,6.441999912,1.430923462,0.4702221155,0.8444658518
2017,Thailand,32,6.423999786,1.127868772,0.5802007318,0.6472390294
2017,Taiwan Province of China,33,6.421999931,1.433626533,0.3614665866,0.7939842343
2017,Spain,34,6.402999878,1.384397864,0.4087812304,0.8889605999
2017,Qatar,35,6.375,1.870765686,0.6041309834,0.7100980878
2017,Colombia,36,6.356999874,1.070622325,0.4774874151,0.5950279236
2017,Saudi Arabia,37,6.343999863,1.530623555,0.4497505724,0.5901483297
2017,Trinidad and Tobago,38,6.168000221,1.361355901,0.518630743,0.5199832916
2017,Kuwait,39,6.105000019,1.632952452,0.4963375926,0.6321057081
2017,Slovakia,40,6.09800005,1.325393558,0.2958174646,0.7127329111
2017,Bahrain,41,6.086999893,1.488412261,0.5367469192,0.6531330347
2017,Malaysia,42,6.084000111,1.29121542,0.4022649825,0.6187844276
2017,Nicaragua,43,6.071000099,0.7372992039,0.4475518465,0.6530959606
2017,Ecuador,44,6.007999897,1.000820398,0.4551981986,0.6856362224
2017,El Salvador,45,6.002999783,0.9097844958,0.4324525297,0.5960185528
2017,Poland,46,5.97300005,1.291787863,0.5203421116,0.699475348
2017,Uzbekistan,47,5.971000195,0.7864410877,0.6582486629,0.4982726276
2017,Italy,48,5.964000225,1.395066619,0.2564507127,0.8531443477
2017,Russia,49,5.962999821,1.281778097,0.3737831116,0.5473493338
2017,Belize,50,5.955999851,0.907975316,0.5475093722,0.450191766
2017,Japan,51,5.920000076,1.416915178,0.505625546,0.9134758711
2017,Lithuania,52,5.90199995,1.314582348,0.2342317849,0.6289499402
2017,Algeria,53,5.872000217,1.091864467,0.2333358079,0.6175846457
2017,Latvia,54,5.849999905,1.260748625,0.3257079124,0.6385669708
2017,South Korea,55,5.837999821,1.401678443,0.2579216659,0.900214076
2017,Moldova,56,5.837999821,0.7288706303,0.2407290488,0.5894652009
2017,Romania,57,5.824999809,1.217683911,0.4570037425,0.6851583123
2017,Bolivia,58,5.822999954,0.833756566,0.5587329268,0.4736302495
2017,Turkmenistan,59,5.822000027,1.130776763,0.418271929,0.4377260804
2017,Kazakhstan,60,5.818999767,1.28455627,0.4374542832,0.6060415506
2017,North Cyprus,61,5.809999943,1.346911311,0.4712036252,0.8346472383
2017,Slovenia,62,5.757999897,1.341205955,0.5725758076,0.790828228
2017,Peru,63,5.715000153,1.035225272,0.4500028789,0.6301661134
2017,Mauritius,64,5.629000187,1.189395547,0.4912473261,0.638007462
2017,Cyprus,65,5.620999813,1.355938077,0.3551115394,0.8447147012
2017,Estonia,66,5.611000061,1.32087934,0.4791314304,0.6951683164
2017,Belarus,67,5.568999767,1.15655756,0.2954002619,0.6377142668
2017,Libya,68,5.525000095,1.101803064,0.4657332301,0.5201690197
2017,Turkey,69,5.5,1.198274374,0.3007405996,0.6376056075
2017,Paraguay,70,5.493000031,0.9325373173,0.4735077918,0.5792506933
2017,"Hong Kong S.A.R., China",71,5.472000122,1.551674843,0.4909686446,0.9430624247
2017,Philippines,72,5.429999828,0.8576992154,0.5852146745,0.4680090547
2017,Serbia,73,5.394999981,1.069317579,0.2087155282,0.6507846713
2017,Jordan,74,5.335999966,0.9910123944,0.4184211493,0.6045900583
2017,Hungary,75,5.323999882,1.286011934,0.1758635193,0.6877634525
2017,Jamaica,76,5.31099987,0.9255793095,0.4743072391,0.6410223842
2017,Croatia,77,5.293000221,1.222556233,0.2557722926,0.7012885213
2017,Kosovo,78,5.278999805,0.9514843822,0.2602879405,0.5414520502
2017,China,79,5.272999763,1.081165791,0.472787708,0.7414155006
2017,Pakistan,80,5.269000053,0.7268835306,0.2352152616,0.4020477831
2017,Indonesia,81,5.262000084,0.9955385923,0.4433234632,0.4923457205
2017,Venezuela,82,5.25,1.128431201,0.1539971232,0.617144227
2017,Montenegro,83,5.236999989,1.121129036,0.1949890554,0.6674646735
2017,Morocco,84,5.235000134,0.8781145811,0.4081583321,0.597710669
2017,Azerbaijan,85,5.234000206,1.153601766,0.3981558383,0.5407757759
2017,Dominican Republic,86,5.230000019,1.079373837,0.5525898337,0.5748737454
2017,Greece,87,5.227000237,1.289487481,0.09573125094,0.8101989031
2017,Lebanon,88,5.224999905,1.074987531,0.288515985,0.7350810766
2017,Portugal,89,5.195000172,1.315175295,0.4984652996,0.7958435416
2017,Bosnia and Herzegovina,90,5.18200016,0.9824094176,0.2044031769,0.7051863074
2017,Honduras,91,5.181000233,0.7305731177,0.3480798602,0.5825694799
2017,Macedonia,92,5.175000191,1.064577937,0.3259059787,0.6449481845
2017,Somalia,93,5.151000023,0.02264318429,0.602126956,0.1139891371
2017,Vietnam,94,5.073999882,0.7885475755,0.5710555911,0.6521689892
2017,Nigeria,95,5.073999882,0.7837562561,0.3949525654,0.05691573024
2017,Tajikistan,96,5.040999889,0.5247136354,0.4715667069,0.5292351246
2017,Bhutan,97,5.011000156,0.8854163885,0.5015376806,0.4958792925
2017,Kyrgyzstan,98,5.004000187,0.5962200761,0.4549433887,0.5534577966
2017,Nepal,99,4.961999893,0.4798201919,0.4403059483,0.5041307807
2017,Mongolia,100,4.954999924,1.027235866,0.3941439688,0.5577834845
2017,South Africa,101,4.828999996,1.054698706,0.4792467356,0.1870800704
2017,Tunisia,102,4.804999828,1.007265806,0.2896806896,0.613212049
2017,Palestinian Territories,103,4.775000095,0.7162492275,0.2547110617,0.5656669736
2017,Egypt,104,4.735000134,0.9897018075,0.2821101546,0.5201872587
2017,Bulgaria,105,4.714000225,1.161459088,0.2892317176,0.7082176805
2017,Sierra Leone,106,4.709000111,0.3684209287,0.318697691,0.005564753897
2017,Cameroon,107,4.695000172,0.5643053651,0.4303887486,0.1328921169
2017,Iran,108,4.691999912,1.156873107,0.2493226081,0.6393331885
2017,Albania,109,4.644000053,0.9961927533,0.3814986348,0.7311597466
2017,Bangladesh,110,4.607999802,0.5866829753,0.4783566594,0.5332410336
2017,Namibia,111,4.573999882,0.9644343257,0.5203035474,0.3386118114
2017,Kenya,112,4.552999973,0.5604794621,0.4527637661,0.3099883497
2017,Mozambique,113,4.550000191,0.23430565,0.4807910919,0.1066544354
2017,Myanmar,114,4.545000076,0.3671105504,0.5144920349,0.3975225687
2017,Senegal,115,4.534999847,0.4793090224,0.3779222667,0.4093628526
2017,Zambia,116,4.513999939,0.6364067793,0.4616034925,0.2578358948
2017,Iraq,117,4.497000217,1.102710485,0.2885555327,0.50118047
2017,Gabon,118,4.465000153,1.198210239,0.312328577,0.3565785885
2017,Ethiopia,119,4.460000038,0.3392338455,0.4088427424,0.3534097075
2017,Sri Lanka,120,4.440000057,1.009850144,0.5612132549,0.6251308322
2017,Armenia,121,4.375999928,0.9005967379,0.1983032674,0.637524426
2017,India,122,4.315000057,0.7922212481,0.469987005,0.4554276168
2017,Mauritania,123,4.291999817,0.6484572887,0.09609804302,0.2853492796
2017,Congo (Brazzaville),124,4.290999889,0.8089642525,0.4350258708,0.2899574339
2017,Georgia,125,4.285999775,0.9506126642,0.3094100356,0.6495469809
2017,Congo (Kinshasa),126,4.28000021,0.0921023488,0.2359613478,0.1914070249
2017,Mali,127,4.190000057,0.4761804938,0.3066137433,0.1693656743
2017,Ivory Coast,128,4.179999828,0.6030489206,0.4477061927,0.04864216968
2017,Cambodia,129,4.168000221,0.6017650962,0.6333758235,0.4297834039
2017,Sudan,130,4.138999939,0.6595166922,0.01499585528,0.2909208238
2017,Ghana,131,4.119999886,0.6672248244,0.4230262935,0.2956377268
2017,Ukraine,132,4.096000195,0.8946519494,0.1229747757,0.5759039521
2017,Uganda,133,4.080999851,0.3814307153,0.4431859553,0.2176326066
2017,Burkina Faso,134,4.032000065,0.3502277136,0.324367851,0.2158442587
2017,Niger,135,4.027999878,0.1619253308,0.3636586964,0.268505007
2017,Malawi,136,3.970000029,0.2334420383,0.4669146538,0.3150895834
2017,Chad,137,3.936000109,0.4380129874,0.1623420268,0.04113471508
2017,Zimbabwe,138,3.875,0.375846535,0.336384207,0.1967637539
2017,Lesotho,139,3.808000088,0.5210212469,0.3906612992,0
2017,Angola,140,3.795000076,0.8584281802,0,0.04986866564
2017,Afghanistan,141,3.79399991,0.4014772177,0.1061795205,0.1807467788
2017,Botswana,142,3.766000032,1.122094154,0.5051963329,0.3417555094
2017,Benin,143,3.657000065,0.4310854077,0.4259627759,0.2099302113
2017,Madagascar,144,3.644000053,0.3058086932,0.1891967654,0.3752233088
2017,Haiti,145,3.602999926,0.3686102629,0.03036985733,0.27732113
2017,Yemen,146,3.592999935,0.5916834474,0.2494637221,0.3100809157
2017,South Sudan,147,3.59100008,0.3972486258,0.1470624357,0.1634860039
2017,Liberia,148,3.532999992,0.119041793,0.3328811824,0.2299181968
2017,Guinea,149,3.506999969,0.2445499301,0.348587513,0.1941291392
2017,Togo,150,3.494999886,0.3054447174,0.3804261386,0.2471055686
2017,Rwanda,151,3.470999956,0.3687458932,0.581843853,0.3264248073
2017,Syria,152,3.461999893,0.7771531343,0.08153944463,0.5005333424,data/syria.png
2017,Tanzania,153,3.348999977,0.5111358762,0.3900177777,0.3645092845
2017,Burundi,154,2.904999971,0.09162256867,0.0599007532,0.1516107917
2017,Central African Republic,155,2.693000078,0,0.2708420455,0.0187726859
2018,Finland,1,7.632,1.305,0.681,0.874
2018,Norway,2,7.594,1.456,0.686,0.861
2018,Denmark,3,7.555,1.351,0.683,0.868
2018,Iceland,4,7.495,1.343,0.677,0.914
2018,Switzerland,5,7.487,1.42,0.66,0.927
2018,Netherlands,6,7.441,1.361,0.638,0.878
2018,Canada,7,7.328,1.33,0.653,0.896
2018,New Zealand,8,7.324,1.268,0.669,0.876
2018,Sweden,9,7.314,1.355,0.659,0.913
2018,Australia,10,7.272,1.34,0.647,0.91
2018,United Kingdom,11,7.19,1.244,0.464,0.888
2018,Austria,12,7.139,1.341,0.617,0.891
2018,Costa Rica,13,7.072,1.01,0.632,0.817
2018,Ireland,14,6.977,1.448,0.614,0.876
2018,Germany,15,6.965,1.34,0.586,0.861
2018,Belgium,16,6.927,1.324,0.583,0.894
2018,Luxembourg,17,6.91,1.576,0.632,0.896
2018,United States of America,18,6.886,1.398,0.547,0.819,data/us.png
2018,Israel,19,6.814,1.301,0.533,0.883
2018,United Arab Emirates,20,6.774,2.096,0.284,0.67
2018,Czech Republic,21,6.711,1.233,0.543,0.854
2018,Malta,22,6.627,1.27,0.645,0.884
2018,France,23,6.489,1.293,0.52,0.908
2018,Mexico,24,6.488,1.038,0.479,0.761
2018,Chile,25,6.476,1.131,0.431,0.808
2018,Taiwan,26,6.441,1.365,0.418,0.857
2018,Panama,27,6.43,1.112,0.597,0.759
2018,Brazil,28,6.419,0.986,0.493,0.675
2018,Argentina,29,6.388,1.073,0.57,0.744
2018,Guatemala,30,6.382,0.781,0.604,0.608
2018,Uruguay,31,6.379,1.093,0.625,0.771
2018,Qatar,32,6.374,1.649,0.654,0.748
2018,Saudi Arabia,33,6.371,1.379,0.509,0.633
2018,Singapore,34,6.343,1.529,0.631,1.008
2018,Malaysia,35,6.322,1.161,0.356,0.669
2018,Spain,36,6.31,1.251,0.449,0.965
2018,Colombia,37,6.26,0.96,0.531,0.635
2018,Trinidad & Tobago,38,6.192,1.223,0.575,0.564
2018,Slovakia,39,6.173,1.21,0.354,0.776
2018,El Salvador,40,6.167,0.806,0.461,0.639
2018,Nicaragua,41,6.141,0.668,0.527,0.7
2018,Poland,42,6.123,1.176,0.546,0.781
2018,Bahrain,43,6.105,1.338,0.594,0.698
2018,Uzbekistan,44,6.096,0.719,0.724,0.605
2018,Kuwait,45,6.083,1.474,0.554,0.675
2018,Thailand,46,6.072,1.016,0.637,0.707
2018,Italy,47,6,1.264,0.281,0.946
2018,Ecuador,48,5.973,0.889,0.556,0.736
2018,Belize,49,5.956,0.807,0.593,0.474
2018,Lithuania,50,5.952,1.197,0.35,0.716
2018,Slovenia,51,5.948,1.219,0.633,0.856
2018,Romania,52,5.945,1.116,0.528,0.726
2018,Latvia,53,5.933,1.148,0.363,0.671
2018,Japan,54,5.915,1.294,0.553,0.988
2018,Mauritius,55,5.891,1.09,0.584,0.684
2018,Jamaica,56,5.89,0.819,0.575,0.693
2018,South Korea,57,5.875,1.266,0.244,0.955
2018,Northern Cyprus,58,5.835,1.229,0.495,0.909
2018,Russia,59,5.81,1.151,0.399,0.599
2018,Kazakhstan,60,5.79,1.143,0.454,0.631
2018,Cyprus,61,5.762,1.229,0.423,0.909
2018,Bolivia,62,5.752,0.751,0.606,0.508
2018,Estonia,63,5.739,1.2,0.553,0.737
2018,Paraguay,64,5.681,0.835,0.541,0.615
2018,Peru,65,5.663,0.934,0.53,0.674
2018,Kosovo,66,5.662,0.855,0.448,0.578
2018,Moldova,67,5.64,0.657,0.232,0.62
2018,Turkmenistan,68,5.636,1.016,0.417,0.517
2018,Hungary,69,5.62,1.171,0.259,0.732
2018,Libya,70,5.566,0.985,0.496,0.553
2018,Philippines,71,5.524,0.775,0.643,0.513
2018,Honduras,72,5.504,0.62,0.459,0.622
2018,Belarus,73,5.483,1.039,0.307,0.7
2018,Turkey,74,5.483,1.148,0.324,0.686
2018,Pakistan,75,5.472,0.652,0.334,0.424
2018,Hong Kong,76,5.43,1.405,0.524,1.03
2018,Portugal,77,5.41,1.188,0.562,0.884
2018,Serbia,78,5.398,0.975,0.288,0.685
2018,Greece,79,5.358,1.154,0.131,0.879
2018,Lebanon,80,5.358,0.965,0.503,0.785
2018,Montenegro,81,5.347,1.017,0.259,0.729
2018,Croatia,82,5.321,1.115,0.38,0.737
2018,Dominican Republic,83,5.302,0.982,0.578,0.614
2018,Algeria,84,5.295,0.979,0.077,0.687
2018,Morocco,85,5.254,0.779,0.46,0.669
2018,China,86,5.246,0.989,0.597,0.799
2018,Azerbaijan,87,5.201,1.024,0.43,0.603
2018,Tajikistan,88,5.199,0.474,0.292,0.598
2018,Macedonia,89,5.185,0.959,0.394,0.691
2018,Jordan,90,5.161,0.822,0.468,0.645
2018,Nigeria,91,5.155,0.689,0.462,0.048
2018,Kyrgyzstan,92,5.131,0.53,0.54,0.594
2018,Bosnia and Herzegovina,93,5.129,0.915,0.28,0.758
2018,Mongolia,94,5.125,0.914,0.395,0.575
2018,Vietnam,95,5.103,0.715,0.618,0.702
2018,Indonesia,96,5.093,0.899,0.538,0.522
2018,Bhutan,97,5.082,0.796,0.541,0.527
2018,Somalia,98,4.982,0,0.674,0.115
2018,Cameroon,99,4.975,0.535,0.454,0.182
2018,Bulgaria,100,4.933,1.054,0.359,0.712
2018,Nepal,101,4.88,0.425,0.526,0.539
2018,Venezuela,102,4.806,0.996,0.133,0.657
2018,Gabon,103,4.758,1.036,0.356,0.404
2018,Palestinian Territories,104,4.743,0.642,0.266,0.602
2018,South Africa,105,4.724,0.94,0.516,0.33
2018,Iran,106,4.707,1.059,0.459,0.691
2018,Ivory Coast,107,4.671,0.541,0.467,0.08
2018,Ghana,108,4.657,0.592,0.499,0.337
2018,Senegal,109,4.631,0.429,0.406,0.433
2018,Laos,110,4.623,0.72,0.626,0.441
2018,Tunisia,111,4.592,0.9,0.271,0.69
2018,Albania,112,4.586,0.916,0.419,0.79
2018,Sierra Leone,113,4.571,0.256,0.355,0
2018,Congo (Brazzaville),114,4.559,0.682,0.514,0.343
2018,Bangladesh,115,4.5,0.532,0.58,0.579
2018,Sri Lanka,116,4.471,0.918,0.585,0.672
2018,Iraq,117,4.456,1.01,0.304,0.536
2018,Mali,118,4.447,0.37,0.367,0.152
2018,Namibia,119,4.441,0.874,0.519,0.365
2018,Cambodia,120,4.433,0.549,0.696,0.457
2018,Burkina Faso,121,4.424,0.314,0.312,0.254
2018,Egypt,122,4.419,0.885,0.312,0.553
2018,Mozambique,123,4.417,0.198,0.531,0.173
2018,Kenya,124,4.41,0.493,0.504,0.454
2018,Zambia,125,4.377,0.562,0.503,0.295
2018,Mauritania,126,4.356,0.557,0.129,0.292
2018,Ethiopia,127,4.35,0.308,0.452,0.391
2018,Georgia,128,4.34,0.853,0.375,0.643
2018,Armenia,129,4.321,0.816,0.26,0.666
2018,Myanmar,130,4.308,0.682,0.58,0.429
2018,Chad,131,4.301,0.358,0.189,0.053
2018,Congo (Kinshasa),132,4.245,0.069,0.312,0.204
2018,India,133,4.19,0.721,0.539,0.485
2018,Niger,134,4.166,0.131,0.39,0.221
2018,Uganda,135,4.161,0.322,0.45,0.237
2018,Benin,136,4.141,0.378,0.44,0.24
2018,Sudan,137,4.139,0.605,0.016,0.312
2018,Ukraine,138,4.103,0.793,0.163,0.609
2018,Togo,139,3.999,0.259,0.434,0.253
2018,Guinea,140,3.964,0.344,0.394,0.211
2018,Lesotho,141,3.808,0.472,0.423,0.079
2018,Angola,142,3.795,0.73,0,0.269
2018,Madagascar,143,3.774,0.262,0.221,0.402
2018,Zimbabwe,144,3.692,0.357,0.406,0.248
2018,Afghanistan,145,3.632,0.332,0.085,0.255
2018,Botswana,146,3.59,1.017,0.557,0.417
2018,Malawi,147,3.587,0.186,0.531,0.306
2018,Haiti,148,3.582,0.315,0.025,0.289
2018,Liberia,149,3.495,0.076,0.419,0.267
2018,Syria,150,3.462,0.689,0.088,0.539,data/syria.png
2018,Rwanda,151,3.408,0.332,0.636,0.4
2018,Yemen,152,3.355,0.442,0.244,0.343
2018,Tanzania,153,3.303,0.455,0.481,0.381
2018,South Sudan,154,3.254,0.337,0.112,0.177
2018,Central African Republic,155,3.083,0.024,0.305,0.01
2018,Burundi,156,2.905,0.091,0.065,0.145
2019,Finland,1,7.769,1.34,0.596,0.986
2019,Denmark,2,7.6,1.383,0.592,0.996
2019,Norway,3,7.554,1.488,0.603,1.028
2019,Iceland,4,7.494,1.38,0.591,1.026
2019,Netherlands,5,7.488,1.396,0.557,0.999
2019,Switzerland,6,7.48,1.452,0.572,1.052
2019,Sweden,7,7.343,1.387,0.574,1.009
2019,New Zealand,8,7.307,1.303,0.585,1.026
2019,Canada,9,7.278,1.365,0.584,1.039
2019,Austria,10,7.246,1.376,0.532,1.016
2019,Australia,11,7.228,1.372,0.557,1.036
2019,Costa Rica,12,7.167,1.034,0.558,0.963
2019,Israel,13,7.139,1.276,0.371,1.029
2019,Luxembourg,14,7.09,1.609,0.526,1.012
2019,United Kingdom,15,7.054,1.333,0.45,0.996
2019,Ireland,16,7.021,1.499,0.516,0.999
2019,Germany,17,6.985,1.373,0.495,0.987
2019,Belgium,18,6.923,1.356,0.473,0.986
2019,United States of America,19,6.892,1.433,0.454,0.874,data/us.png
2019,Czech Republic,20,6.852,1.269,0.457,0.92
2019,United Arab Emirates,21,6.825,1.503,0.598,0.825
2019,Malta,22,6.726,1.3,0.564,0.999
2019,Mexico,23,6.595,1.07,0.433,0.861
2019,France,24,6.592,1.324,0.436,1.045
2019,Taiwan,25,6.446,1.368,0.351,0.914
2019,Chile,26,6.444,1.159,0.357,0.92
2019,Guatemala,27,6.436,0.8,0.535,0.746
2019,Saudi Arabia,28,6.375,1.403,0.439,0.795
2019,Qatar,29,6.374,1.684,0.555,0.871
2019,Spain,30,6.354,1.286,0.362,1.062
2019,Panama,31,6.321,1.149,0.516,0.91
2019,Brazil,32,6.3,1.004,0.39,0.802
2019,Uruguay,33,6.293,1.124,0.523,0.891
2019,Singapore,34,6.262,1.572,0.556,1.141
2019,El Salvador,35,6.253,0.794,0.43,0.789
2019,Italy,36,6.223,1.294,0.231,1.039
2019,Bahrain,37,6.199,1.362,0.536,0.871
2019,Slovakia,38,6.198,1.246,0.334,0.881
2019,Trinidad & Tobago,39,6.192,1.231,0.489,0.713
2019,Poland,40,6.182,1.206,0.483,0.884
2019,Uzbekistan,41,6.174,0.745,0.631,0.756
2019,Lithuania,42,6.149,1.238,0.291,0.818
2019,Colombia,43,6.125,0.985,0.47,0.841
2019,Slovenia,44,6.118,1.258,0.564,0.953
2019,Nicaragua,45,6.105,0.694,0.435,0.835
2019,Kosovo,46,6.1,0.882,0.489,0.758
2019,Argentina,47,6.086,1.092,0.471,0.881
2019,Romania,48,6.07,1.162,0.462,0.825
2019,Cyprus,49,6.046,1.263,0.406,1.042
2019,Ecuador,50,6.028,0.912,0.498,0.868
2019,Kuwait,51,6.021,1.5,0.493,0.808
2019,Thailand,52,6.008,1.05,0.557,0.828
2019,Latvia,53,5.94,1.187,0.264,0.812
2019,South Korea,54,5.895,1.301,0.159,1.036
2019,Estonia,55,5.893,1.237,0.495,0.874
2019,Jamaica,56,5.89,0.831,0.49,0.831
2019,Mauritius,57,5.888,1.12,0.498,0.798
2019,Japan,58,5.886,1.327,0.445,1.088
2019,Honduras,59,5.86,0.642,0.507,0.828
2019,Kazakhstan,60,5.809,1.173,0.41,0.729
2019,Bolivia,61,5.779,0.776,0.511,0.706
2019,Hungary,62,5.758,1.201,0.199,0.828
2019,Paraguay,63,5.743,0.855,0.514,0.777
2019,Northern Cyprus,64,5.718,1.263,0.417,1.042
2019,Peru,65,5.697,0.96,0.455,0.854
2019,Portugal,66,5.693,1.221,0.508,0.999
2019,Pakistan,67,5.653,0.677,0.313,0.535
2019,Russia,68,5.648,1.183,0.334,0.726
2019,Philippines,69,5.631,0.807,0.558,0.657
2019,Serbia,70,5.603,1.004,0.282,0.854
2019,Moldova,71,5.529,0.685,0.245,0.739
2019,Libya,72,5.525,1.044,0.416,0.673
2019,Montenegro,73,5.523,1.051,0.197,0.871
2019,Tajikistan,74,5.467,0.493,0.389,0.718
2019,Croatia,75,5.432,1.155,0.296,0.914
2019,Hong Kong,76,5.43,1.438,0.44,1.122
2019,Dominican Republic,77,5.425,1.015,0.497,0.779
2019,Bosnia and Herzegovina,78,5.386,0.945,0.212,0.845
2019,Turkey,79,5.373,1.183,0.195,0.808
2019,Malaysia,80,5.339,1.221,0.508,0.828
2019,Belarus,81,5.323,1.067,0.235,0.789
2019,Greece,82,5.287,1.181,0.067,0.999
2019,Mongolia,83,5.285,0.948,0.317,0.667
2019,North Macedonia,84,5.274,0.983,0.345,0.838
2019,Nigeria,85,5.265,0.696,0.426,0.245
2019,Kyrgyzstan,86,5.261,0.551,0.508,0.723
2019,Turkmenistan,87,5.247,1.052,0.394,0.657
2019,Algeria,88,5.211,1.002,0.086,0.785
2019,Morocco,89,5.208,0.801,0.418,0.782
2019,Azerbaijan,90,5.208,1.043,0.351,0.769
2019,Lebanon,91,5.197,0.987,0.216,0.815
2019,Indonesia,92,5.192,0.931,0.491,0.66
2019,China,93,5.191,1.029,0.521,0.893
2019,Vietnam,94,5.175,0.741,0.543,0.851
2019,Bhutan,95,5.082,0.813,0.457,0.604
2019,Cameroon,96,5.044,0.549,0.381,0.331
2019,Bulgaria,97,5.011,1.092,0.311,0.815
2019,Ghana,98,4.996,0.611,0.381,0.486
2019,Ivory Coast,99,4.944,0.569,0.352,0.232
2019,Nepal,100,4.913,0.446,0.439,0.677
2019,Jordan,101,4.906,0.837,0.383,0.815
2019,Benin,102,4.883,0.393,0.349,0.397
2019,Congo (Brazzaville),103,4.812,0.673,0.372,0.508
2019,Gabon,104,4.799,1.057,0.295,0.571
2019,Laos,105,4.796,0.764,0.547,0.551
2019,South Africa,106,4.722,0.96,0.389,0.469
2019,Albania,107,4.719,0.947,0.383,0.874
2019,Venezuela,108,4.707,0.96,0.154,0.805
2019,Cambodia,109,4.7,0.574,0.609,0.637
2019,Palestinian Territories,110,4.696,0.657,0.225,0.672
2019,Senegal,111,4.681,0.45,0.292,0.571
2019,Somalia,112,4.668,0,0.559,0.268
2019,Namibia,113,4.639,0.879,0.401,0.477
2019,Niger,114,4.628,0.138,0.318,0.366
2019,Burkina Faso,115,4.587,0.331,0.255,0.38
2019,Armenia,116,4.559,0.85,0.283,0.815
2019,Iran,117,4.548,1.1,0.305,0.785
2019,Guinea,118,4.534,0.38,0.332,0.375
2019,Georgia,119,4.519,0.886,0.346,0.752
2019,Gambia,120,4.516,0.308,0.382,0.428
2019,Kenya,121,4.509,0.512,0.431,0.581
2019,Mauritania,122,4.49,0.57,0.066,0.489
2019,Mozambique,123,4.466,0.204,0.494,0.39
2019,Tunisia,124,4.461,0.921,0.167,0.815
2019,Bangladesh,125,4.456,0.562,0.527,0.723
2019,Iraq,126,4.437,1.043,0.241,0.574
2019,Congo (Kinshasa),127,4.418,0.094,0.269,0.357
2019,Mali,128,4.39,0.385,0.327,0.308
2019,Sierra Leone,129,4.374,0.268,0.309,0.242
2019,Sri Lanka,130,4.366,0.949,0.47,0.831
2019,Myanmar,131,4.36,0.71,0.525,0.555
2019,Chad,132,4.35,0.35,0.174,0.192
2019,Ukraine,133,4.332,0.82,0.178,0.739
2019,Ethiopia,134,4.286,0.336,0.344,0.532
2019,Swaziland,135,4.212,0.811,0.313,0
2019,Uganda,136,4.189,0.332,0.356,0.443
2019,Egypt,137,4.166,0.913,0.241,0.644
2019,Zambia,138,4.107,0.578,0.431,0.426
2019,Togo,139,4.085,0.275,0.293,0.41
2019,India,140,4.015,0.755,0.498,0.588
2019,Liberia,141,3.975,0.073,0.37,0.443
2019,Comoros,142,3.973,0.274,0.142,0.505
2019,Madagascar,143,3.933,0.274,0.148,0.555
2019,Lesotho,144,3.802,0.489,0.359,0.168
2019,Burundi,145,3.775,0.046,0.22,0.38
2019,Zimbabwe,146,3.663,0.366,0.361,0.433
2019,Haiti,147,3.597,0.323,0.026,0.449
2019,Botswana,148,3.488,1.041,0.455,0.538
2019,Syria,149,3.462,0.619,0.013,0.44,data/syria.png
2019,Malawi,150,3.41,0.191,0.443,0.495
2019,Yemen,151,3.38,0.287,0.143,0.463
2019,Rwanda,152,3.334,0.359,0.555,0.614
2019,Tanzania,153,3.231,0.476,0.417,0.499
2019,Afghanistan,154,3.203,0.35,0,0.361
2019,Central African Republic,155,3.083,0.026,0.225,0.105
2019,South Sudan,156,2.853,0.306,0.01,0.295
2020,Finland,1,7.808700085,10.63926697,0.949172199,71.9008255
2020,Denmark,2,7.645599842,10.77400112,0.951444268,72.40250397
2020,Switzerland,3,7.559899807,10.97993279,0.921336651,74.10244751
2020,Iceland,4,7.504499912,10.77255917,0.948891878,73
2020,Norway,5,7.487999916,11.08780384,0.955750287,73.20078278
2020,Netherlands,6,7.448900223,10.81271172,0.908547819,72.30091858
2020,Sweden,7,7.353499889,10.75879383,0.939144194,72.60076904
2020,New Zealand,8,7.299600124,10.50094318,0.936217487,73.20262909
2020,Austria,9,7.294199944,10.7428236,0.899989486,73.00250244
2020,Luxembourg,10,7.237500191,11.45068073,0.90563643,72.59999847
2020,Canada,11,7.23210001,10.69236851,0.933913231,73.60160065
2020,Australia,12,7.222799778,10.72059631,0.915431738,73.60453796
2020,United Kingdom,13,7.164500237,10.60013485,0.834743679,72.30160522
2020,Israel,14,7.128600121,10.41752529,0.747580588,73.20025635
2020,Costa Rica,15,7.121399879,9.658156395,0.934738934,71.29985046
2020,Ireland,16,7.093699932,11.16097832,0.886982977,72.30078888
2020,Germany,17,7.075799942,10.7328186,0.867371082,72.20201874
2020,United States of America,18,6.939599991,10.92576885,0.842619538,68.29949951,data/us.png
2020,Czech Republic,19,6.910900116,10.40416336,0.818537354,70.04793549
2020,Belgium,20,6.863500118,10.6736393,0.813582063,72.00164795
2020,United Arab Emirates,21,6.790800095,11.1099987,0.941345513,67.08278656
2020,Malta,22,6.772799969,10.53383827,0.924911439,72.19999695
2020,France,23,6.663799763,10.58422279,0.825467646,73.80193329
2020,Mexico,24,6.465000153,9.797797203,0.858709276,68.29902649
2020,Taiwan Province of China,25,6.45539999,10.77568531,0.77153033,69.59999847
2020,Uruguay,26,6.440100193,9.948192596,0.892395437,69.00254822
2020,Saudi Arabia,27,6.406499863,10.79781246,0.854191244,66.30514526
2020,Spain,28,6.400899887,10.46292686,0.751989543,74.40270996
2020,Guatemala,29,6.398900032,8.924805641,0.908147573,64.8089447
2020,Italy,30,6.38740015,10.48183632,0.66465199,73.60168457
2020,Singapore,31,6.377099991,11.39552116,0.926645339,76.80458069
2020,Brazil,32,6.375599861,9.56643486,0.799804807,66.48016357
2020,Slovenia,33,6.363399982,10.39232254,0.936142623,71.1029892
2020,El Salvador,34,6.34829998,8.909075737,0.833805263,66.10826111
2020,Kosovo,35,6.325200081,9.204429626,0.861535907,63.88555527
2020,Panama,36,6.304800034,10.03423405,0.880366504,69.60301208
2020,Slovakia,37,6.280600071,10.34774971,0.749952674,68.90634155
2020,Uzbekistan,38,6.257599831,8.740371704,0.974998116,65.10757446
2020,Chile,39,6.228499889,10.0320549,0.744896293,69.90061951
2020,Bahrain,40,6.227300167,10.67638016,0.905855775,68.5
2020,Lithuania,41,6.215499878,10.34362602,0.747381449,67.29407501
2020,Trinidad and Tobago,42,6.191899776,10.26000214,0.857907116,63.5
2020,Poland,43,6.186299801,10.26512432,0.862055779,69.31113434
2020,Colombia,44,6.163400173,9.500369072,0.836179912,67.69958496
2020,Cyprus,45,6.15899992,10.40570259,0.779858291,73.70222473
2020,Nicaragua,46,6.13710022,8.493160248,0.863902867,67.50717926
2020,Romania,47,6.123700142,10.107584,0.842823207,67.20723724
2020,Kuwait,48,6.102099895,11.08982468,0.872366488,66.76764679
2020,Mauritius,49,6.101299763,9.956786156,0.889534533,66.40434265
2020,Kazakhstan,50,6.057899952,10.11465836,0.811601937,64.60996246
2020,Estonia,51,6.021800041,10.34001732,0.87770915,68.60495758
2020,Philippines,52,6.006000042,8.993545532,0.915463448,61.92676163
2020,Hungary,53,6.000400066,10.24924374,0.718964577,67.60997009
2020,Thailand,54,5.998799801,9.741791725,0.905063033,67.25059509
2020,Argentina,55,5.974699974,9.810955048,0.831132412,68.80380249
2020,Honduras,56,5.953199863,8.424534798,0.870603263,67.19876862
2020,Latvia,57,5.949999809,10.17531967,0.671237648,66.8074646
2020,Ecuador,58,5.925199986,9.246058464,0.859828949,68.50003815
2020,Portugal,59,5.910900116,10.26374245,0.888747811,72.40202332
2020,Jamaica,60,5.889800072,9.006250381,0.858068526,67.09999847
2020,South Korea,61,5.872399807,10.51056671,0.612965107,73.6027298
2020,Japan,62,5.870800018,10.57968903,0.809961379,75.00096893
2020,Peru,63,5.796800137,9.456313133,0.824766099,68.10023499
2020,Serbia,64,5.77820015,9.680980682,0.726495862,68.21020508
2020,Bolivia,65,5.747499943,8.851115227,0.875873327,63.6004715
2020,Pakistan,66,5.69329977,8.482727051,0.734833717,58.25313568
2020,Paraguay,67,5.692100048,9.389982224,0.885923445,65.63993835
2020,Dominican Republic,68,5.689199924,9.664880753,0.866202772,65.80748749
2020,Bosnia and Herzegovina,69,5.674099922,9.455817223,0.651352704,67.80813599
2020,Moldova,70,5.607500076,8.776714325,0.721609175,65.01301575
2020,Tajikistan,71,5.555699825,8.024810791,0.831383407,64.10459137
2020,Montenegro,72,5.54610014,9.751860619,0.649565637,68.50534821
2020,Russia,73,5.546000004,10.12887192,0.729892612,64.10045624
2020,Kyrgyzstan,74,5.541500092,8.148405075,0.909374893,64.10601044
2020,Belarus,75,5.539899826,9.779945374,0.639163077,66.10433197
2020,North Cyprus,76,5.53550005,10.40570259,0.79529351,73.70222473
2020,Greece,77,5.514999866,10.13232613,0.541345119,72.40525818
2020,Hong Kong S.A.R. of China,78,5.510399818,10.9346714,0.779833794,76.77170563
2020,Croatia,79,5.504700184,10.07087517,0.714838803,70.21490479
2020,Libya,80,5.488800049,9.789815903,0.773157001,62.29999924
2020,Mongolia,81,5.456200123,9.412186623,0.693351328,62.30448532
2020,Malaysia,82,5.384300232,10.26251888,0.894626856,67.10215759
2020,Vietnam,83,5.353499889,8.809545517,0.939592957,67.9527359
2020,Indonesia,84,5.285600185,9.36975193,0.870614409,62.15584946
2020,Ivory Coast,85,5.233300209,8.225561142,0.727909327,49.50377274
2020,Benin,86,5.21600008,7.674319744,0.735182583,54.31246567
2020,Maldives,87,5.197599888,9.518632889,0.853962779,70.59999847
2020,Congo (Brazzaville),88,5.194399834,8.536987305,0.719058514,57.92448044
2020,Azerbaijan,89,5.164800167,9.687726974,0.786824107,65.50839996
2020,Macedonia,90,5.159800053,9.510591507,0.738840938,67.50442505
2020,Ghana,91,5.147999763,8.350645065,0.794796526,57.20398712
2020,Nepal,92,5.137199879,7.925357342,0.797565043,63.77917862
2020,Turkey,93,5.131800175,10.12941933,0.608830452,66.90281677
2020,China,94,5.123899937,9.688568115,0.898517907,69.2891922
2020,Turkmenistan,95,5.119100094,9.74803257,0.826457024,62.21170807
2020,Bulgaria,96,5.101500034,9.869318962,0.745178163,66.80397797
2020,Morocco,97,5.094799995,8.940313339,0.772072434,65.89624023
2020,Cameroon,98,5.084899902,8.118647575,0.763051808,52.7049408
2020,Venezuela,99,5.053199768,8.977793694,0.62327832,66.50534058
2020,Algeria,100,5.005099773,9.537964821,0.466610909,65.90517426
2020,Senegal,101,4.980800152,8.118982315,0.690596163,59.59915161
2020,Guinea,102,4.949299812,7.750990391,0.706846774,54.46780014
2020,Niger,103,4.909599781,6.842166901,0.759772122,53.50009537
2020,Laos,104,4.888599873,8.79858017,0.907213569,58.70992279
2020,Albania,105,4.882699966,9.417930603,0.781994224,68.70813751
2020,Cambodia,106,4.848400116,8.249890327,0.959704638,61.52996826
2020,Bangladesh,107,4.832799911,8.287063599,0.90062499,64.50306702
2020,Gabon,108,4.829299927,9.680537224,0.704829216,59.71533966
2020,South Africa,109,4.814099789,9.403370857,0.759330094,56.50601196
2020,Iraq,110,4.784800053,9.661095619,0.633182645,59.90354919
2020,Lebanon,111,4.771500111,9.3617239,0.551357508,67.10658264
2020,Burkina Faso,112,4.768700123,7.46854496,0.665563583,53.88945389
2020,Gambia,113,4.750599861,7.321814537,0.733163178,55.0120163
2020,Mali,114,4.729300022,7.629852295,0.71156615,51.72698212
2020,Nigeria,115,4.724100113,8.57662487,0.759578407,49.86190796
2020,Armenia,116,4.676799774,9.100476265,0.712017834,66.75065613
2020,Georgia,117,4.672599792,9.226100922,0.801641524,64.49520874
2020,Iran,118,4.672399998,9.813719749,0.647873282,66.00614929
2020,Jordan,119,4.633399963,9.025999069,0.75104779,66.79975128
2020,Mozambique,120,4.623600006,7.069345951,0.864451885,54.20582199
2020,Kenya,121,4.583000183,8.02977562,0.829747558,60.09693146
2020,Namibia,122,4.571100235,9.203141212,0.767520964,56.50148773
2020,Ukraine,123,4.56069994,9.010690689,0.663081884,64.60678101
2020,Liberia,124,4.557899952,7.054380417,0.735268712,56.09631348
2020,Palestinian Territories,125,4.552800179,8.389223099,0.645791829,62.25
2020,Uganda,126,4.43200016,7.500389576,0.731713951,55.70820236
2020,Chad,127,4.422699928,7.467963696,0.587305248,48.22053909
2020,Tunisia,128,4.392199993,9.314972878,0.593361557,66.89785767
2020,Mauritania,129,4.374599934,8.233919144,0.551522553,57.01017761
2020,Sri Lanka,130,4.327000141,9.389969826,0.837633669,67.20006561
2020,Congo (Kinshasa),131,4.31099987,6.694256306,0.700793564,52.90000153
2020,Swaziland,132,4.308100224,9.16267395,0.646822274,51.18823624
2020,Myanmar,133,4.308000088,8.680481911,0.895075202,58.96171188
2020,Comoros,134,4.288599968,7.833630085,0.547612607,57.34901047
2020,Togo,135,4.187200069,7.357711315,0.649828613,54.71989822
2020,Ethiopia,136,4.186200142,7.509385586,0.740795195,58.63959122
2020,Madagascar,137,4.165599823,7.281685829,0.557574093,59.10542679
2020,Egypt,138,4.151400089,9.316541672,0.708354175,61.78015137
2020,Sierra Leone,139,3.926399946,7.26880312,0.715315044,50.86514282
2020,Burundi,140,3.775300026,6.492642403,0.626350224,53.40000153
2020,Zambia,141,3.759399891,8.224720001,0.806500256,55.29937744
2020,Haiti,142,3.720799923,7.411329269,0.537825167,55.59862518
2020,Lesotho,143,3.652800083,7.960488319,0.738125861,48.00362396
2020,India,144,3.573299885,8.849823952,0.881444871,60.21518707
2020,Malawi,145,3.538000107,7.062226295,0.803223193,57.59288788
2020,Yemen,146,3.527400017,7.759682655,0.599920273,56.72728348
2020,Botswana,147,3.478899956,9.711203575,0.821328104,58.92445374
2020,Tanzania,148,3.476200104,7.967665195,0.82153976,57.49607468
2020,Central African Republic,149,3.475899935,6.625160217,0.640880644,45.20000076
2020,Rwanda,150,3.312299967,7.600104332,0.900589406,61.09884644
2020,Zimbabwe,151,3.299200058,7.865711689,0.711457908,55.61725998
2020,South Sudan,152,2.816600084,7.425359726,0.451313615,51
2020,Afghanistan,153,2.566900015,7.462860584,0.396573007,52.59000015
