Year,Happiness Rank,Country,Happiness Score,Standard Error,Economy (GDP per Capita),Family,Health (Life Expectancy),Freedom,Trust (Government Corruption),Generosity,Dystopia Residual,,,,,,,,,
2015,1,Switzerland,7.587,0.03411,1.39651,1.34951,0.94143,0.66557,0.41978,0.29678,2.51738,,,,,,,,,
2015,2,Iceland,7.561,0.04884,1.30232,1.40223,0.94784,0.62877,0.14145,0.4363,2.70201,,,,,,,,,
2015,3,Denmark,7.527,0.03328,1.32548,1.36058,0.87464,0.64938,0.48357,0.34139,2.49204,,,,,,,,,
2015,4,Norway,7.522,0.0388,1.459,1.33095,0.88521,0.66973,0.36503,0.34699,2.46531,,,,,,,,,
2015,5,Canada,7.427,0.03553,1.32629,1.32261,0.90563,0.63297,0.32957,0.45811,2.45176,,,,,,,,,
2015,6,Finland,7.406,0.0314,1.29025,1.31826,0.88911,0.64169,0.41372,0.23351,2.61955,,,,,,,,,
2015,7,Netherlands,7.378,0.02799,1.32944,1.28017,0.89284,0.61576,0.31814,0.4761,2.4657,,,,,,,,,
2015,8,Sweden,7.364,0.03157,1.33171,1.28907,0.91087,0.6598,0.43844,0.36262,2.37119,,,,,,,,,
2015,9,New Zealand,7.286,0.03371,1.25018,1.31967,0.90837,0.63938,0.42922,0.47501,2.26425,,,,,,,,,
2015,10,Australia,7.284,0.04083,1.33358,1.30923,0.93156,0.65124,0.35637,0.43562,2.26646,,,,,,,,,
2015,11,Israel,7.278,0.0347,1.22857,1.22393,0.91387,0.41319,0.07785,0.33172,3.08854,,,,,,,,,
2015,12,Costa Rica,7.226,0.04454,0.95578,1.23788,0.86027,0.63376,0.10583,0.25497,3.17728,,,,,,,,,
2015,13,Austria,7.2,0.03751,1.33723,1.29704,0.89042,0.62433,0.18676,0.33088,2.5332,,,,,,,,,
2015,14,Mexico,7.187,0.04176,1.02054,0.91451,0.81444,0.48181,0.21312,0.14074,3.60214,,,,,,,,,
2015,15,United States,7.119,0.03839,1.39451,1.24711,0.86179,0.54604,0.1589,0.40105,2.51011,,,,,,,,,
2015,16,Brazil,6.983,0.04076,0.98124,1.23287,0.69702,0.49049,0.17521,0.14574,3.26001,,,,,,,,,
2015,17,Luxembourg,6.946,0.03499,1.56391,1.21963,0.91894,0.61583,0.37798,0.28034,1.96961,,,,,,,,,
2015,18,Ireland,6.94,0.03676,1.33596,1.36948,0.89533,0.61777,0.28703,0.45901,1.9757,,,,,,,,,
2015,19,Belgium,6.937,0.03595,1.30782,1.28566,0.89667,0.5845,0.2254,0.2225,2.41484,,,,,,,,,
2015,20,United Arab Emirates,6.901,0.03729,1.42727,1.12575,0.80925,0.64157,0.38583,0.26428,2.24743,,,,,,,,,
2015,21,United Kingdom,6.867,0.01866,1.26637,1.28548,0.90943,0.59625,0.32067,0.51912,1.96994,,,,,,,,,
2015,22,Oman,6.853,0.05335,1.36011,1.08182,0.76276,0.63274,0.32524,0.21542,2.47489,,,,,,,,,
2015,23,Venezuela,6.81,0.06476,1.04424,1.25596,0.72052,0.42908,0.11069,0.05841,3.19131,,,,,,,,,
2015,24,Singapore,6.798,0.0378,1.52186,1.02,1.02525,0.54252,0.4921,0.31105,1.88501,,,,,,,,,
2015,25,Panama,6.786,0.0491,1.06353,1.1985,0.79661,0.5421,0.0927,0.24434,2.84848,,,,,,,,,
2015,26,Germany,6.75,0.01848,1.32792,1.29937,0.89186,0.61477,0.21843,0.28214,2.11569,,,,,,,,,
2015,27,Chile,6.67,0.058,1.10715,1.12447,0.85857,0.44132,0.12869,0.33363,2.67585,,,,,,,,,
2015,28,Qatar,6.611,0.06257,1.69042,1.0786,0.79733,0.6404,0.52208,0.32573,1.55674,,,,,,,,,
2015,29,France,6.575,0.03512,1.27778,1.26038,0.94579,0.55011,0.20646,0.12332,2.21126,,,,,,,,,
2015,30,Argentina,6.574,0.04612,1.05351,1.24823,0.78723,0.44974,0.08484,0.11451,2.836,,,,,,,,,
2015,31,Czech Republic,6.505,0.04168,1.17898,1.20643,0.84483,0.46364,0.02652,0.10686,2.67782,,,,,,,,,
2015,32,Uruguay,6.485,0.04539,1.06166,1.2089,0.8116,0.60362,0.24558,0.2324,2.32142,,,,,,,,,
2015,33,Colombia,6.477,0.05051,0.91861,1.24018,0.69077,0.53466,0.0512,0.18401,2.85737,,,,,,,,,
2015,34,Thailand,6.455,0.03557,0.9669,1.26504,0.7385,0.55664,0.03187,0.5763,2.31945,,,,,,,,,
2015,35,Saudi Arabia,6.411,0.04633,1.39541,1.08393,0.72025,0.31048,0.32524,0.13706,2.43872,,,,,,,,,
2015,36,Spain,6.329,0.03468,1.23011,1.31379,0.95562,0.45951,0.06398,0.18227,2.12367,,,,,,,,,
2015,37,Malta,6.302,0.04206,1.2074,1.30203,0.88721,0.60365,0.13586,0.51752,1.6488,,,,,,,,,
2015,38,Taiwan,6.298,0.03868,1.29098,1.07617,0.8753,0.3974,0.08129,0.25376,2.32323,,,,,,,,,
2015,39,Kuwait,6.295,0.04456,1.55422,1.16594,0.72492,0.55499,0.25609,0.16228,1.87634,,,,,,,,,
2015,40,Suriname,6.269,0.09811,0.99534,0.972,0.6082,0.59657,0.13633,0.16991,2.79094,,,,,,,,,
2015,41,Trinidad and Tobago,6.168,0.10895,1.21183,1.18354,0.61483,0.55884,0.0114,0.31844,2.26882,,,,,,,,,
2015,42,El Salvador,6.13,0.05618,0.76454,1.02507,0.67737,0.4035,0.11776,0.10692,3.035,,,,,,,,,
2015,43,Guatemala,6.123,0.05224,0.74553,1.04356,0.64425,0.57733,0.09472,0.27489,2.74255,,,,,,,,,
2015,44,Uzbekistan,6.003,0.04361,0.63244,1.34043,0.59772,0.65821,0.30826,0.22837,2.23741,,,,,,,,,
2015,45,Slovakia,5.995,0.04267,1.16891,1.26999,0.78902,0.31751,0.03431,0.16893,2.24639,,,,,,,,,
2015,46,Japan,5.987,0.03581,1.27074,1.25712,0.99111,0.49615,0.1806,0.10705,1.68435,,,,,,,,,
2015,47,South Korea,5.984,0.04098,1.24461,0.95774,0.96538,0.33208,0.07857,0.18557,2.21978,,,,,,,,,
2015,48,Ecuador,5.975,0.04528,0.86402,0.99903,0.79075,0.48574,0.1809,0.11541,2.53942,,,,,,,,,
2015,49,Bahrain,5.96,0.05412,1.32376,1.21624,0.74716,0.45492,0.306,0.17362,1.73797,,,,,,,,,
2015,50,Italy,5.948,0.03914,1.25114,1.19777,0.95446,0.26236,0.02901,0.22823,2.02518,,,,,,,,,
2015,51,Bolivia,5.89,0.05642,0.68133,0.97841,0.5392,0.57414,0.088,0.20536,2.82334,,,,,,,,,
2015,52,Moldova,5.889,0.03799,0.59448,1.01528,0.61826,0.32818,0.01615,0.20951,3.10712,,,,,,,,,
2015,53,Paraguay,5.878,0.04563,0.75985,1.30477,0.66098,0.53899,0.08242,0.3424,2.18896,,,,,,,,,
2015,54,Kazakhstan,5.855,0.04114,1.12254,1.12241,0.64368,0.51649,0.08454,0.11827,2.24729,,,,,,,,,
2015,55,Slovenia,5.848,0.04251,1.18498,1.27385,0.87337,0.60855,0.03787,0.25328,1.61583,,,,,,,,,
2015,56,Lithuania,5.833,0.03843,1.14723,1.25745,0.73128,0.21342,0.01031,0.02641,2.44649,,,,,,,,,
2015,57,Nicaragua,5.828,0.05371,0.59325,1.14184,0.74314,0.55475,0.19317,0.27815,2.32407,,,,,,,,,
2015,58,Peru,5.824,0.04615,0.90019,0.97459,0.73017,0.41496,0.05989,0.14982,2.5945,,,,,,,,,
2015,59,Belarus,5.813,0.03938,1.03192,1.23289,0.73608,0.37938,0.1909,0.11046,2.1309,,,,,,,,,
2015,60,Poland,5.791,0.04263,1.12555,1.27948,0.77903,0.53122,0.04212,0.16759,1.86565,,,,,,,,,
2015,61,Malaysia,5.77,0.0433,1.12486,1.07023,0.72394,0.53024,0.10501,0.33075,1.88541,,,,,,,,,
2015,62,Croatia,5.759,0.04394,1.08254,0.79624,0.78805,0.25883,0.0243,0.05444,2.75414,,,,,,,,,
2015,63,Libya,5.754,0.07832,1.13145,1.11862,0.7038,0.41668,0.11023,0.18295,2.09066,,,,,,,,,
2015,64,Russia,5.716,0.03135,1.13764,1.23617,0.66926,0.36679,0.03005,0.00199,2.27394,,,,,,,,,
2015,65,Jamaica,5.709,0.13693,0.81038,1.15102,0.68741,0.50442,0.02299,0.2123,2.32038,,,,,,,,,
2015,66,North Cyprus,5.695,0.05635,1.20806,1.07008,0.92356,0.49027,0.1428,0.26169,1.59888,,,,,,,,,
2015,67,Cyprus,5.689,0.0558,1.20813,0.89318,0.92356,0.40672,0.06146,0.30638,1.88931,,,,,,,,,
2015,68,Algeria,5.605,0.05099,0.93929,1.07772,0.61766,0.28579,0.17383,0.07822,2.43209,,,,,,,,,
2015,69,Kosovo,5.589,0.05018,0.80148,0.81198,0.63132,0.24749,0.04741,0.2831,2.76579,,,,,,,,,
2015,70,Turkmenistan,5.548,0.04175,0.95847,1.22668,0.53886,0.4761,0.30844,0.16979,1.86984,,,,,,,,,
2015,71,Mauritius,5.477,0.07197,1.00761,0.98521,0.7095,0.56066,0.07521,0.37744,1.76145,,,,,,,,,
2015,72,Hong Kong,5.474,0.05051,1.38604,1.05818,1.01328,0.59608,0.37124,0.39478,0.65429,,,,,,,,,
2015,73,Estonia,5.429,0.04013,1.15174,1.22791,0.77361,0.44888,0.15184,0.0868,1.58782,,,,,,,,,
2015,74,Indonesia,5.399,0.02596,0.82827,1.08708,0.63793,0.46611,0,0.51535,1.86399,,,,,,,,,
2015,75,Vietnam,5.36,0.03107,0.63216,0.91226,0.74676,0.59444,0.10441,0.1686,2.20173,,,,,,,,,
2015,76,Turkey,5.332,0.03864,1.06098,0.94632,0.73172,0.22815,0.15746,0.12253,2.08528,,,,,,,,,
2015,77,Kyrgyzstan,5.286,0.03823,0.47428,1.15115,0.65088,0.43477,0.04232,0.3003,2.2327,,,,,,,,,
2015,78,Nigeria,5.268,0.04192,0.65435,0.90432,0.16007,0.34334,0.0403,0.27233,2.89319,,,,,,,,,
2015,79,Bhutan,5.253,0.03225,0.77042,1.10395,0.57407,0.53206,0.15445,0.47998,1.63794,,,,,,,,,
2015,80,Azerbaijan,5.212,0.03363,1.02389,0.93793,0.64045,0.3703,0.16065,0.07799,2.00073,,,,,,,,,
2015,81,Pakistan,5.194,0.03726,0.59543,0.41411,0.51466,0.12102,0.10464,0.33671,3.10709,,,,,,,,,
2015,82,Jordan,5.192,0.04524,0.90198,1.05392,0.69639,0.40661,0.14293,0.11053,1.87996,,,,,,,,,
2015,82,Montenegro,5.192,0.05235,0.97438,0.90557,0.72521,0.1826,0.14296,0.1614,2.10017,,,,,,,,,
2015,84,China,5.14,0.02424,0.89012,0.94675,0.81658,0.51697,0.02781,0.08185,1.8604,,,,,,,,,
2015,85,Zambia,5.129,0.06988,0.47038,0.91612,0.29924,0.48827,0.12468,0.19591,2.6343,,,,,,,,,
2015,86,Romania,5.124,0.06607,1.04345,0.88588,0.7689,0.35068,0.00649,0.13748,1.93129,,,,,,,,,
2015,87,Serbia,5.123,0.04864,0.92053,1.00964,0.74836,0.20107,0.02617,0.19231,2.025,,,,,,,,,
2015,88,Portugal,5.102,0.04802,1.15991,1.13935,0.87519,0.51469,0.01078,0.13719,1.26462,,,,,,,,,
2015,89,Latvia,5.098,0.0464,1.11312,1.09562,0.72437,0.29671,0.06332,0.18226,1.62215,,,,,,,,,
2015,90,Philippines,5.073,0.04934,0.70532,1.03516,0.58114,0.62545,0.12279,0.24991,1.7536,,,,,,,,,
2015,91,Somaliland region,5.057,0.06161,0.18847,0.95152,0.43873,0.46582,0.39928,0.50318,2.11032,,,,,,,,,
2015,92,Morocco,5.013,0.0342,0.73479,0.64095,0.60954,0.41691,0.08546,0.07172,2.45373,,,,,,,,,
2015,93,Macedonia,5.007,0.05376,0.91851,1.00232,0.73545,0.33457,0.05327,0.22359,1.73933,,,,,,,,,
2015,94,Mozambique,4.971,0.07896,0.08308,1.02626,0.09131,0.34037,0.15603,0.22269,3.05137,,,,,,,,,
2015,95,Albania,4.959,0.05013,0.87867,0.80434,0.81325,0.35733,0.06413,0.14272,1.89894,,,,,,,,,
2015,96,Bosnia and Herzegovina,4.949,0.06913,0.83223,0.91916,0.79081,0.09245,0.00227,0.24808,2.06367,,,,,,,,,
2015,97,Lesotho,4.898,0.09438,0.37545,1.04103,0.07612,0.31767,0.12504,0.16388,2.79832,,,,,,,,,
2015,98,Dominican Republic,4.885,0.07446,0.89537,1.17202,0.66825,0.57672,0.14234,0.21684,1.21305,,,,,,,,,
2015,99,Laos,4.876,0.06698,0.59066,0.73803,0.54909,0.59591,0.24249,0.42192,1.73799,,,,,,,,,
2015,100,Mongolia,4.874,0.03313,0.82819,1.3006,0.60268,0.43626,0.02666,0.3323,1.34759,,,,,,,,,
2015,101,Swaziland,4.867,0.08742,0.71206,1.07284,0.07566,0.30658,0.0306,0.18259,2.48676,,,,,,,,,
2015,102,Greece,4.857,0.05062,1.15406,0.92933,0.88213,0.07699,0.01397,0,1.80101,,,,,,,,,
2015,103,Lebanon,4.839,0.04337,1.02564,0.80001,0.83947,0.33916,0.04582,0.21854,1.57059,,,,,,,,,
2015,104,Hungary,4.8,0.06107,1.12094,1.20215,0.75905,0.32112,0.02758,0.128,1.24074,,,,,,,,,
2015,105,Honduras,4.788,0.05648,0.59532,0.95348,0.6951,0.40148,0.06825,0.23027,1.84408,,,,,,,,,
2015,106,Tajikistan,4.786,0.03198,0.39047,0.85563,0.57379,0.47216,0.15072,0.22974,2.11399,,,,,,,,,
2015,107,Tunisia,4.739,0.03589,0.88113,0.60429,0.73793,0.26268,0.06358,0.06431,2.12466,,,,,,,,,
2015,108,Palestinian Territories,4.715,0.04394,0.59867,0.92558,0.66015,0.24499,0.12905,0.11251,2.04384,,,,,,,,,
2015,109,Bangladesh,4.694,0.03077,0.39753,0.43106,0.60164,0.4082,0.12569,0.21222,2.51767,,,,,,,,,
2015,110,Iran,4.686,0.04449,1.0088,0.54447,0.69805,0.30033,0.05863,0.38086,1.6944,,,,,,,,,
2015,111,Ukraine,4.681,0.04412,0.79907,1.20278,0.6739,0.25123,0.02961,0.15275,1.5714,,,,,,,,,
2015,112,Iraq,4.677,0.05232,0.98549,0.81889,0.60237,0,0.13788,0.17922,1.95335,,,,,,,,,
2015,113,South Africa,4.642,0.04585,0.92049,1.18468,0.27688,0.33207,0.08884,0.11973,1.71956,,,,,,,,,
2015,114,Ghana,4.633,0.04742,0.54558,0.67954,0.40132,0.42342,0.04355,0.23087,2.30919,,,,,,,,,
2015,115,Zimbabwe,4.61,0.0429,0.271,1.03276,0.33475,0.25861,0.08079,0.18987,2.44191,,,,,,,,,
2015,116,Liberia,4.571,0.11068,0.0712,0.78968,0.34201,0.28531,0.06232,0.24362,2.77729,,,,,,,,,
2015,117,India,4.565,0.02043,0.64499,0.38174,0.51529,0.39786,0.08492,0.26475,2.27513,,,,,,,,,
2015,118,Sudan,4.55,0.0674,0.52107,1.01404,0.36878,0.10081,0.1466,0.19062,2.20857,,,,,,,,,
2015,119,Haiti,4.518,0.07331,0.26673,0.74302,0.38847,0.24425,0.17175,0.46187,2.24173,,,,,,,,,
2015,120,Congo (Kinshasa),4.517,0.0368,0,1.0012,0.09806,0.22605,0.07625,0.24834,2.86712,,,,,,,,,
2015,121,Nepal,4.514,0.03607,0.35997,0.86449,0.56874,0.38282,0.05907,0.32296,1.95637,,,,,,,,,
2015,122,Ethiopia,4.512,0.0378,0.19073,0.60406,0.44055,0.4345,0.15048,0.24325,2.44876,,,,,,,,,
2015,123,Sierra Leone,4.507,0.07068,0.33024,0.95571,0,0.4084,0.08786,0.21488,2.51009,,,,,,,,,
2015,124,Mauritania,4.436,0.03947,0.45407,0.86908,0.35874,0.24232,0.17461,0.219,2.11773,,,,,,,,,
2015,125,Kenya,4.419,0.04734,0.36471,0.99876,0.41435,0.42215,0.05839,0.37542,1.78555,,,,,,,,,
2015,126,Djibouti,4.369,0.08096,0.44025,0.59207,0.36291,0.46074,0.28105,0.18093,2.05125,,,,,,,,,
2015,127,Armenia,4.35,0.04763,0.76821,0.77711,0.7299,0.19847,0.039,0.07855,1.75873,,,,,,,,,
2015,128,Botswana,4.332,0.04934,0.99355,1.10464,0.04776,0.49495,0.12474,0.10461,1.46181,,,,,,,,,
2015,129,Myanmar,4.307,0.04351,0.27108,0.70905,0.48246,0.44017,0.19034,0.79588,1.41805,,,,,,,,,
2015,130,Georgia,4.297,0.04221,0.7419,0.38562,0.72926,0.40577,0.38331,0.05547,1.59541,,,,,,,,,
2015,131,Malawi,4.292,0.0613,0.01604,0.41134,0.22562,0.43054,0.06977,0.33128,2.80791,,,,,,,,,
2015,132,Sri Lanka,4.271,0.03751,0.83524,1.01905,0.70806,0.53726,0.09179,0.40828,0.67108,,,,,,,,,
2015,133,Cameroon,4.252,0.04678,0.4225,0.88767,0.23402,0.49309,0.05786,0.20618,1.95071,,,,,,,,,
2015,134,Bulgaria,4.218,0.04828,1.01216,1.10614,0.76649,0.30587,0.00872,0.11921,0.89991,,,,,,,,,
2015,135,Egypt,4.194,0.0326,0.8818,0.747,0.61712,0.17288,0.06324,0.11291,1.59927,,,,,,,,,
2015,136,Yemen,4.077,0.04367,0.54649,0.68093,0.40064,0.35571,0.07854,0.09131,1.92313,,,,,,,,,
2015,137,Angola,4.033,0.04758,0.75778,0.8604,0.16683,0.10384,0.07122,0.12344,1.94939,,,,,,,,,
2015,138,Mali,3.995,0.05602,0.26074,1.03526,0.20583,0.38857,0.12352,0.18798,1.79293,,,,,,,,,
2015,139,Congo (Brazzaville),3.989,0.06682,0.67866,0.6629,0.31051,0.41466,0.11686,0.12388,1.68135,,,,,,,,,
2015,140,Comoros,3.956,0.04797,0.23906,0.79273,0.36315,0.22917,0.199,0.17441,1.95812,,,,,,,,,
2015,141,Uganda,3.931,0.04317,0.21102,1.13299,0.33861,0.45727,0.07267,0.29066,1.42766,,,,,,,,,
2015,142,Senegal,3.904,0.03608,0.36498,0.97619,0.4354,0.36772,0.10713,0.20843,1.44395,,,,,,,,,
2015,143,Gabon,3.896,0.04547,1.06024,0.90528,0.43372,0.31914,0.11091,0.06822,0.99895,,,,,,,,,
2015,144,Niger,3.845,0.03602,0.0694,0.77265,0.29707,0.47692,0.15639,0.19387,1.87877,,,,,,,,,
2015,145,Cambodia,3.819,0.05069,0.46038,0.62736,0.61114,0.66246,0.07247,0.40359,0.98195,,,,,,,,,
2015,146,Tanzania,3.781,0.05061,0.2852,1.00268,0.38215,0.32878,0.05747,0.34377,1.38079,,,,,,,,,
2015,147,Madagascar,3.681,0.03633,0.20824,0.66801,0.46721,0.19184,0.08124,0.21333,1.851,,,,,,,,,
2015,148,Central African Republic,3.678,0.06112,0.0785,0,0.06699,0.48879,0.08289,0.23835,2.7223,,,,,,,,,
2015,149,Chad,3.667,0.0383,0.34193,0.76062,0.1501,0.23501,0.05269,0.18386,1.94296,,,,,,,,,
2015,150,Guinea,3.656,0.0359,0.17417,0.46475,0.24009,0.37725,0.12139,0.28657,1.99172,,,,,,,,,
2015,151,Ivory Coast,3.655,0.05141,0.46534,0.77115,0.15185,0.46866,0.17922,0.20165,1.41723,,,,,,,,,
2015,152,Burkina Faso,3.587,0.04324,0.25812,0.85188,0.27125,0.39493,0.12832,0.21747,1.46494,,,,,,,,,
2015,153,Afghanistan,3.575,0.03084,0.31982,0.30285,0.30335,0.23414,0.09719,0.3651,1.9521,,,,,,,,,
2015,154,Rwanda,3.465,0.03464,0.22208,0.7737,0.42864,0.59201,0.55191,0.22628,0.67042,,,,,,,,,
2015,155,Benin,3.34,0.03656,0.28665,0.35386,0.3191,0.4845,0.0801,0.1826,1.63328,,,,,,,,,
2015,156,Syria,3.006,0.05015,0.6632,0.47489,0.72193,0.15684,0.18906,0.47179,0.32858,,,,,,,,,
2015,157,Burundi,2.905,0.08658,0.0153,0.41587,0.22396,0.1185,0.10062,0.19727,1.83302,,,,,,,,,
2015,158,Togo,2.839,0.06727,0.20868,0.13995,0.28443,0.36453,0.10731,0.16681,1.56726,,,,,,,,,
2017,1,Norway,7.537000179,7.594444821,7.479555538,1.616463184,1.53352356,0.796666503,0.6354225874,0.3620122373,0.3159638345,2.277026653,,,,,,,,
2017,2,Denmark,7.521999836,7.581728065,7.462271607,1.482383013,1.551121593,0.7925655246,0.6260067225,0.3552804887,0.4007700682,2.313707352,,,,,,,,
2017,3,Iceland,7.504000187,7.622030473,7.385969901,1.48063302,1.610574007,0.8335521221,0.6271626353,0.4755402207,0.1535265595,2.322715282,,,,,,,,
2017,4,Switzerland,7.493999958,7.56177242,7.426227496,1.564979553,1.516911745,0.8581312895,0.6200705767,0.2905492783,0.3670072854,2.276716232,,,,,,,,
2017,5,Finland,7.468999863,7.527542076,7.41045765,1.443571925,1.540246725,0.8091576695,0.6179508567,0.2454827726,0.3826115429,2.430181503,,,,,,,,
2017,6,Netherlands,7.376999855,7.427425841,7.326573869,1.503944635,1.428939223,0.810696125,0.5853844881,0.4704898298,0.2826618254,2.294804096,,,,,,,,
2017,7,Canada,7.315999985,7.384402835,7.247597134,1.479204416,1.481348991,0.8345576525,0.6111009121,0.4355397224,0.2873715162,2.187264442,,,,,,,,
2017,8,New Zealand,7.31400013,7.379510442,7.248489818,1.405706048,1.548195124,0.8167597055,0.6140621305,0.500005126,0.3828167021,2.046456337,,,,,,,,
2017,9,Sweden,7.28399992,7.344094877,7.223904962,1.494387269,1.478162169,0.8308751583,0.612924099,0.3853992522,0.3843987286,2.097537994,,,,,,,,
2017,10,Australia,7.28399992,7.356651225,7.211348615,1.484414935,1.510041952,0.8438867927,0.6016073823,0.47769925,0.3011837304,2.065210819,,,,,,,,
2017,11,Israel,7.212999821,7.279853256,7.146146385,1.375382423,1.376289964,0.8384039998,0.4059886038,0.330082655,0.08524210006,2.801757336,,,,,,,,
2017,12,Costa Rica,7.078999996,7.168111666,6.989888326,1.109706283,1.416403651,0.7595092654,0.58013165,0.214613229,0.1001065895,2.898639202,,,,,,,,
2017,13,Austria,7.006000042,7.070669812,6.941330272,1.487097263,1.459944963,0.8153284192,0.5677661896,0.3164723217,0.2210603654,2.138506413,,,,,,,,
2017,14,United States,6.993000031,7.074656748,6.911343313,1.546259284,1.419920564,0.7742866278,0.5057405233,0.3925787807,0.1356387883,2.218113422,,,,,,,,
2017,15,Ireland,6.977000237,7.043351668,6.910648805,1.535706639,1.558231115,0.8097826242,0.573110342,0.4278583229,0.2983881533,1.773869038,,,,,,,,
2017,16,Germany,6.951000214,7.005381569,6.896618858,1.487923384,1.472520351,0.7989507318,0.5625113845,0.33626917,0.2767319381,2.015769958,,,,,,,,
2017,17,Belgium,6.890999794,6.95582075,6.826178838,1.463780761,1.462312698,0.8180918694,0.5397707224,0.2315033376,0.2513431311,2.124210358,,,,,,,,
2017,18,Luxembourg,6.862999916,6.9236861,6.802313732,1.741943598,1.457583666,0.8450894952,0.5966278911,0.2831809819,0.318834424,1.619512081,,,,,,,,
2017,19,United Kingdom,6.714000225,6.783791761,6.644208689,1.44163394,1.49646008,0.8053359389,0.5081900358,0.4927741587,0.2654280663,1.704143524,,,,,,,,
2017,20,Chile,6.65199995,6.73925056,6.564749341,1.25278461,1.284024954,0.8194797039,0.3768952787,0.3266624212,0.08228798211,2.509585857,,,,,,,,
2017,21,United Arab Emirates,6.647999763,6.722047304,6.573952223,1.626343369,1.266410232,0.7267982364,0.6083452702,0.3609419465,0.3244895637,1.734703541,,,,,,,,
2017,22,Brazil,6.635000229,6.725469502,6.544530956,1.10735321,1.431306005,0.6165523529,0.4374537468,0.1623498946,0.1110927612,2.769267082,,,,,,,,
2017,23,Czech Republic,6.609000206,6.683862463,6.534137949,1.352682352,1.433885217,0.7544440031,0.4909461737,0.08810675889,0.0368729271,2.451861858,,,,,,,,
2017,24,Argentina,6.598999977,6.690085086,6.507914868,1.185295463,1.440451145,0.6951370835,0.4945192039,0.1094570607,0.05973988771,2.614005327,,,,,,,,
2017,25,Mexico,6.578000069,6.671148908,6.48485123,1.153183818,1.21086216,0.7099789977,0.4127300084,0.1209904328,0.1327741146,2.837154865,,,,,,,,
2017,26,Singapore,6.572000027,6.636723069,6.507276984,1.69227767,1.353814363,0.9494923949,0.5498405695,0.3459659815,0.464307785,1.216362,,,,,,,,
2017,27,Malta,6.52699995,6.598396773,6.455603128,1.343279839,1.488411665,0.8219442368,0.5887670517,0.5747305751,0.1530660689,1.556862831,,,,,,,,
2017,28,Uruguay,6.453999996,6.545906218,6.362093775,1.217559695,1.412227869,0.7192168236,0.5793922544,0.1750969291,0.1780618727,2.172409534,,,,,,,,
2017,29,Guatemala,6.453999996,6.566873973,6.34112602,0.872001946,1.255585194,0.5402399898,0.5313106179,0.2834883928,0.07722327858,2.893891096,,,,,,,,
2017,30,Panama,6.452000141,6.557130716,6.346869566,1.233748436,1.373192549,0.7061561346,0.550026834,0.2105569392,0.07098392397,2.307199955,,,,,,,,
2017,31,France,6.441999912,6.515767802,6.368232022,1.430923462,1.387776852,0.8444658518,0.4702221155,0.1297623068,0.1725024283,2.005954742,,,,,,,,
2017,32,Thailand,6.423999786,6.509116856,6.338882717,1.127868772,1.425792456,0.6472390294,0.5802007318,0.5721231103,0.03161273524,2.039508343,,,,,,,,
2017,33,Taiwan Province of China,6.421999931,6.494596022,6.349403841,1.433626533,1.384565353,0.7939842343,0.3614665866,0.2583604753,0.06382923573,2.126607418,,,,,,,,
2017,34,Spain,6.402999878,6.471054845,6.334944911,1.384397864,1.532090902,0.8889605999,0.4087812304,0.1901335716,0.07091409713,1.92775774,,,,,,,,
2017,35,Qatar,6.375,6.568476814,6.181523186,1.870765686,1.27429688,0.7100980878,0.6041309834,0.33047387,0.4392992556,1.14546442,,,,,,,,
2017,36,Colombia,6.356999874,6.452020054,6.261979694,1.070622325,1.402182937,0.5950279236,0.4774874151,0.149014473,0.04666874185,2.616068125,,,,,,,,
2017,37,Saudi Arabia,6.343999863,6.444166612,6.243833113,1.530623555,1.286677599,0.5901483297,0.4497505724,0.1476160139,0.2734322548,2.065429688,,,,,,,,
2017,38,Trinidad and Tobago,6.168000221,6.381533891,5.954466552,1.361355901,1.380228519,0.5199832916,0.518630743,0.3252964616,0.008964816108,2.053247452,,,,,,,,
2017,39,Kuwait,6.105000019,6.191956989,6.018043049,1.632952452,1.259698749,0.6321057081,0.4963375926,0.2282897979,0.2151595503,1.640425205,,,,,,,,
2017,40,Slovakia,6.09800005,6.177348412,6.018651687,1.325393558,1.505059242,0.7127329111,0.2958174646,0.1365444809,0.02421085164,2.097776651,,,,,,,,
2017,41,Bahrain,6.086999893,6.178989068,5.995010719,1.488412261,1.323110461,0.6531330347,0.5367469192,0.1726684868,0.2570421696,1.656149387,,,,,,,,
2017,42,Malaysia,6.084000111,6.179979637,5.988020585,1.29121542,1.284646034,0.6187844276,0.4022649825,0.4166089296,0.06560070813,2.004448891,,,,,,,,
2017,43,Nicaragua,6.071000099,6.1865836,5.955416598,0.7372992039,1.28721571,0.6530959606,0.4475518465,0.301674217,0.1306879818,2.513930559,,,,,,,,
2017,44,Ecuador,6.007999897,6.105847675,5.910152119,1.000820398,1.286168814,0.6856362224,0.4551981986,0.150112465,0.1401346475,2.290352583,,,,,,,,
2017,45,El Salvador,6.002999783,6.108635122,5.897364443,0.9097844958,1.182125092,0.5960185528,0.4324525297,0.07825798541,0.08998095989,2.714593887,,,,,,,,
2017,46,Poland,5.97300005,6.053908341,5.892091758,1.291787863,1.44571197,0.699475348,0.5203421116,0.1584659666,0.05930780619,1.797722816,,,,,,,,
2017,47,Uzbekistan,5.971000195,6.065537573,5.876462816,0.7864410877,1.54896915,0.4982726276,0.6582486629,0.4159836471,0.2465282232,1.816913605,,,,,,,,
2017,48,Italy,5.964000225,6.042736906,5.885263544,1.395066619,1.444923282,0.8531443477,0.2564507127,0.1727896482,0.02802809142,1.813312054,,,,,,,,
2017,49,Russia,5.962999821,6.030274907,5.895724734,1.281778097,1.469282389,0.5473493338,0.3737831116,0.05226382241,0.03296288103,2.205607414,,,,,,,,
2017,50,Belize,5.955999851,6.197242318,5.714757385,0.907975316,1.081417799,0.450191766,0.5475093722,0.2400156409,0.09658107162,2.631955624,,,,,,,,
2017,51,Japan,5.920000076,5.990719445,5.849280708,1.416915178,1.436337829,0.9134758711,0.505625546,0.1205727682,0.1637607366,1.363223553,,,,,,,,
2017,52,Lithuania,5.90199995,5.982669641,5.821330259,1.314582348,1.473516107,0.6289499402,0.2342317849,0.01016465668,0.01186564285,2.228440523,,,,,,,,
2017,53,Algeria,5.872000217,5.978286434,5.765714001,1.091864467,1.146217465,0.6175846457,0.2333358079,0.069436647,0.1460961103,2.567603827,,,,,,,,
2017,54,Latvia,5.849999905,5.920263538,5.779736271,1.260748625,1.404714942,0.6385669708,0.3257079124,0.1530747861,0.07384272665,1.993655205,,,,,,,,
2017,55,South Korea,5.837999821,5.922559028,5.753440613,1.401678443,1.128274441,0.900214076,0.2579216659,0.2066743672,0.06328266859,1.880378008,,,,,,,,
2017,56,Moldova,5.837999821,5.908370838,5.767628803,0.7288706303,1.251825571,0.5894652009,0.2407290488,0.2087791264,0.01009128615,2.807808399,,,,,,,,
2017,57,Romania,5.824999809,5.919694157,5.730305462,1.217683911,1.15009129,0.6851583123,0.4570037425,0.1335199177,0.004387900699,2.176831484,,,,,,,,
2017,58,Bolivia,5.822999954,5.903976903,5.742023006,0.833756566,1.227619052,0.4736302495,0.5587329268,0.2255607247,0.06047772616,2.443279028,,,,,,,,
2017,59,Turkmenistan,5.822000027,5.885180876,5.758819178,1.130776763,1.493149161,0.4377260804,0.418271929,0.2499249876,0.2592703402,1.832909822,,,,,,,,
2017,60,Kazakhstan,5.818999767,5.903641775,5.73435776,1.28455627,1.384369016,0.6060415506,0.4374542832,0.2019644231,0.1192828864,1.784892559,,,,,,,,
2017,61,North Cyprus,5.809999943,5.897366465,5.722633421,1.346911311,1.186303377,0.8346472383,0.4712036252,0.2668457031,0.1553533524,1.549157619,,,,,,,,
2017,62,Slovenia,5.757999897,5.84222516,5.673774634,1.341205955,1.452518821,0.790828228,0.5725758076,0.2426490933,0.04512897879,1.313317299,,,,,,,,
2017,63,Peru,5.715000153,5.811946779,5.618053527,1.035225272,1.218770385,0.6301661134,0.4500028789,0.1268197149,0.04704908654,2.20726943,,,,,,,,
2017,64,Mauritius,5.629000187,5.729862192,5.528138182,1.189395547,1.20956099,0.638007462,0.4912473261,0.3609337509,0.04218155518,1.697583914,,,,,,,,
2017,65,Cyprus,5.620999813,5.714692699,5.527306927,1.355938077,1.131363273,0.8447147012,0.3551115394,0.2712543011,0.0412379764,1.621249199,,,,,,,,
2017,66,Estonia,5.611000061,5.688139874,5.533860248,1.32087934,1.4766711,0.6951683164,0.4791314304,0.0988908112,0.1832489222,1.357508659,,,,,,,,
2017,67,Belarus,5.568999767,5.646114244,5.491885291,1.15655756,1.444945216,0.6377142668,0.2954002619,0.1551375091,0.1563138217,1.723232985,,,,,,,,
2017,68,Libya,5.525000095,5.676953807,5.373046384,1.101803064,1.35756433,0.5201690197,0.4657332301,0.1520736665,0.09261021018,1.835011244,,,,,,,,
2017,69,Turkey,5.5,5.594864963,5.405135037,1.198274374,1.337753177,0.6376056075,0.3007405996,0.04669304192,0.0996715799,1.879277945,,,,,,,,
2017,70,Paraguay,5.493000031,5.57738127,5.408618791,0.9325373173,1.50728488,0.5792506933,0.4735077918,0.2241506577,0.09106591344,1.68533349,,,,,,,,
2017,71,"Hong Kong S.A.R., China",5.472000122,5.549594173,5.394406071,1.551674843,1.262790918,0.9430624247,0.4909686446,0.3744657934,0.2939337492,0.5546331406,,,,,,,,
2017,72,Philippines,5.429999828,5.545335054,5.314664602,0.8576992154,1.253917575,0.4680090547,0.5852146745,0.1935134232,0.09933189303,1.972604752,,,,,,,,
2017,73,Serbia,5.394999981,5.491569656,5.298430306,1.069317579,1.258189797,0.6507846713,0.2087155282,0.2201258838,0.04090378061,1.947084427,,,,,,,,
2017,74,Jordan,5.335999966,5.448410022,5.223589909,0.9910123944,1.239088893,0.6045900583,0.4184211493,0.1721704602,0.1198032722,1.791176558,,,,,,,,
2017,75,Hungary,5.323999882,5.403039709,5.244960054,1.286011934,1.343133092,0.6877634525,0.1758635193,0.07840166241,0.03663693741,1.716459274,,,,,,,,
2017,76,Jamaica,5.31099987,5.581398728,5.040601012,0.9255793095,1.368218064,0.6410223842,0.4743072391,0.2338183373,0.05526778102,1.612325668,,,,,,,,
2017,77,Croatia,5.293000221,5.391777205,5.194223238,1.222556233,0.9679830074,0.7012885213,0.2557722926,0.2480029762,0.04310311005,1.854492426,,,,,,,,
2017,78,Kosovo,5.278999805,5.364847995,5.193151615,0.9514843822,1.137853503,0.5414520502,0.2602879405,0.3199314475,0.05747161806,2.010540724,,,,,,,,
2017,79,China,5.272999763,5.31927809,5.226721437,1.081165791,1.160837412,0.7414155006,0.472787708,0.028806841,0.02279427461,1.764938593,,,,,,,,
2017,80,Pakistan,5.269000053,5.359983641,5.178016465,0.7268835306,0.6726906896,0.4020477831,0.2352152616,0.3154460192,0.1243480667,2.79248929,,,,,,,,
2017,81,Indonesia,5.262000084,5.352888598,5.17111157,0.9955385923,1.274444699,0.4923457205,0.4433234632,0.6117045879,0.01531713549,1.429476976,,,,,,,,
2017,82,Venezuela,5.25,5.370031946,5.129968054,1.128431201,1.431337595,0.617144227,0.1539971232,0.0650196299,0.06449112296,1.789463758,,,,,,,,
2017,83,Montenegro,5.236999989,5.341044441,5.132955537,1.121129036,1.238376498,0.6674646735,0.1949890554,0.1979110241,0.0881741941,1.729191542,,,,,,,,
2017,84,Morocco,5.235000134,5.318340965,5.151659302,0.8781145811,0.7748644352,0.597710669,0.4081583321,0.03220995516,0.08776318282,2.456189394,,,,,,,,
2017,85,Azerbaijan,5.234000206,5.299286535,5.168713877,1.153601766,1.152400255,0.5407757759,0.3981558383,0.04526934028,0.1809875071,1.762481689,,,,,,,,
2017,86,Dominican Republic,5.230000019,5.349060885,5.110939153,1.079373837,1.402416706,0.5748737454,0.5525898337,0.1869678497,0.1139452532,1.31946516,,,,,,,,
2017,87,Greece,5.227000237,5.325246169,5.128754304,1.289487481,1.239414573,0.8101989031,0.09573125094,0,0.04328977689,1.749221563,,,,,,,,
2017,88,Lebanon,5.224999905,5.318882288,5.131117521,1.074987531,1.129624248,0.7350810766,0.288515985,0.2644507587,0.03751382977,1.695073843,,,,,,,,
2017,89,Portugal,5.195000172,5.285041733,5.10495861,1.315175295,1.367043018,0.7958435416,0.4984652996,0.09510271251,0.01586945169,1.107682705,,,,,,,,
2017,90,Bosnia and Herzegovina,5.18200016,5.276335687,5.087664634,0.9824094176,1.069335938,0.7051863074,0.2044031769,0.3288674951,0,1.892172575,,,,,,,,
2017,91,Honduras,5.181000233,5.301582797,5.060417669,0.7305731177,1.143944979,0.5825694799,0.3480798602,0.2361888736,0.07334545255,2.065811157,,,,,,,,
2017,92,Macedonia,5.175000191,5.27217264,5.077827742,1.064577937,1.207893014,0.6449481845,0.3259059787,0.2537609637,0.06027779356,1.617469311,,,,,,,,
2017,93,Somalia,5.151000023,5.24248371,5.059516336,0.02264318429,0.7211513519,0.1139891371,0.602126956,0.2916313112,0.2824103236,3.11748457,,,,,,,,
2017,94,Vietnam,5.073999882,5.147280765,5.000718999,0.7885475755,1.277491331,0.6521689892,0.5710555911,0.2349680513,0.08763323724,1.462318659,,,,,,,,
2017,95,Nigeria,5.073999882,5.209500135,4.938499628,0.7837562561,1.215770483,0.05691573024,0.3949525654,0.2309471965,0.02612156607,2.365390539,,,,,,,,
2017,96,Tajikistan,5.040999889,5.111425596,4.970574183,0.5247136354,1.271463275,0.5292351246,0.4715667069,0.2489976436,0.1463771462,1.84904933,,,,,,,,
2017,97,Bhutan,5.011000156,5.079334562,4.942665751,0.8854163885,1.340126514,0.4958792925,0.5015376806,0.4740545452,0.1733803898,1.140184402,,,,,,,,
2017,98,Kyrgyzstan,5.004000187,5.089919903,4.918080471,0.5962200761,1.394238591,0.5534577966,0.4549433887,0.4285803735,0.039439179,1.536723137,,,,,,,,
2017,99,Nepal,4.961999893,5.067356079,4.856643707,0.4798201919,1.179283261,0.5041307807,0.4403059483,0.3940961659,0.07297554612,1.891241074,,,,,,,,
2017,100,Mongolia,4.954999924,5.021679509,4.888320338,1.027235866,1.493011236,0.5577834845,0.3941439688,0.3384642303,0.03290228918,1.111292362,,,,,,,,
2017,101,South Africa,4.828999996,4.929435188,4.728564805,1.054698706,1.384788632,0.1870800704,0.4792467356,0.1393623799,0.0725094974,1.510908604,,,,,,,,
2017,102,Tunisia,4.804999828,4.884367007,4.72563265,1.007265806,0.8683514595,0.613212049,0.2896806896,0.0496933572,0.08672314882,1.89025116,,,,,,,,
2017,103,Palestinian Territories,4.775000095,4.881848343,4.668151848,0.7162492275,1.155647159,0.5656669736,0.2547110617,0.1141731739,0.08928260207,1.878890276,,,,,,,,
2017,104,Egypt,4.735000134,4.82513379,4.644866477,0.9897018075,0.9974713922,0.5201872587,0.2821101546,0.1286314428,0.1143813655,1.702161074,,,,,,,,
2017,105,Bulgaria,4.714000225,4.803694706,4.624305744,1.161459088,1.434379458,0.7082176805,0.2892317176,0.1131776944,0.01105153095,0.9961392879,,,,,,,,
2017,106,Sierra Leone,4.709000111,4.850643335,4.567356886,0.3684209287,0.984136045,0.005564753897,0.318697691,0.2930409014,0.07109517604,2.668459892,,,,,,,,
2017,107,Cameroon,4.695000172,4.796540857,4.593459486,0.5643053651,0.946018219,0.1328921169,0.4303887486,0.2362984568,0.05130663142,2.333645582,,,,,,,,
2017,108,Iran,4.691999912,4.798224708,4.585775117,1.156873107,0.711551249,0.6393331885,0.2493226081,0.3872429132,0.0487610735,1.498734951,,,,,,,,
2017,109,Albania,4.644000053,4.752464006,4.5355361,0.9961927533,0.8036852479,0.7311597466,0.3814986348,0.2013129443,0.039864216,1.490441561,,,,,,,,
2017,110,Bangladesh,4.607999802,4.689821658,4.526177945,0.5866829753,0.7351317406,0.5332410336,0.4783566594,0.1722553521,0.1237178594,1.978736162,,,,,,,,
2017,111,Namibia,4.573999882,4.770354741,4.377645023,0.9644343257,1.098470807,0.3386118114,0.5203035474,0.07713374496,0.09314697236,1.481890202,,,,,,,,
2017,112,Kenya,4.552999973,4.655691591,4.450308356,0.5604794621,1.067950726,0.3099883497,0.4527637661,0.4448603094,0.06464131922,1.651902199,,,,,,,,
2017,113,Mozambique,4.550000191,4.774102326,4.325898055,0.23430565,0.870701015,0.1066544354,0.4807910919,0.3222281039,0.1794363856,2.355650902,,,,,,,,
2017,114,Myanmar,4.545000076,4.614739946,4.475260206,0.3671105504,1.123235941,0.3975225687,0.5144920349,0.838075161,0.1888162047,1.115290403,,,,,,,,
2017,115,Senegal,4.534999847,4.601603781,4.468395914,0.4793090224,1.179691911,0.4093628526,0.3779222667,0.1834688932,0.115460448,1.789646149,,,,,,,,
2017,116,Zambia,4.513999939,4.644105501,4.383894376,0.6364067793,1.003187299,0.2578358948,0.4616034925,0.2495801449,0.07821355015,1.826705456,,,,,,,,
2017,117,Iraq,4.497000217,4.62259141,4.371409025,1.102710485,0.9786131978,0.50118047,0.2885555327,0.199637264,0.1072157547,1.318907261,,,,,,,,
2017,118,Gabon,4.465000153,4.557361766,4.37263854,1.198210239,1.155620217,0.3565785885,0.312328577,0.04378537834,0.0760467872,1.322916269,,,,,,,,
2017,119,Ethiopia,4.460000038,4.542728677,4.3772714,0.3392338455,0.8646692038,0.3534097075,0.4088427424,0.3126507401,0.1654557139,2.015743732,,,,,,,,
2017,120,Sri Lanka,4.440000057,4.553447192,4.326552922,1.009850144,1.259976387,0.6251308322,0.5612132549,0.4908635616,0.07365396619,0.4193892479,,,,,,,,
2017,121,Armenia,4.375999928,4.466734612,4.285265243,0.9005967379,1.007483721,0.637524426,0.1983032674,0.08348809183,0.0266744215,1.521499157,,,,,,,,
2017,122,India,4.315000057,4.371522017,4.258478097,0.7922212481,0.7543725967,0.4554276168,0.469987005,0.2315384895,0.09222688526,1.519117117,,,,,,,,
2017,123,Mauritania,4.291999817,4.377163616,4.206836018,0.6484572887,1.27203083,0.2853492796,0.09609804302,0.2018700242,0.1369570047,1.651637316,,,,,,,,
2017,124,Congo (Brazzaville),4.290999889,4.410053505,4.171946274,0.8089642525,0.832044363,0.2899574339,0.4350258708,0.1208521277,0.0796181336,1.724135637,,,,,,,,
2017,125,Georgia,4.285999775,4.374933966,4.197065584,0.9506126642,0.570614934,0.6495469809,0.3094100356,0.05400881544,0.2516666353,1.500137806,,,,,,,,
2017,126,Congo (Kinshasa),4.28000021,4.357810833,4.202189587,0.0921023488,1.229023457,0.1914070249,0.2359613478,0.2464558333,0.06024135649,2.224958658,,,,,,,,
2017,127,Mali,4.190000057,4.269670711,4.110329403,0.4761804938,1.281473398,0.1693656743,0.3066137433,0.1833541989,0.1049702466,1.668190956,,,,,,,,
2017,128,Ivory Coast,4.179999828,4.275182563,4.084817093,0.6030489206,0.9047800303,0.04864216968,0.4477061927,0.2012374699,0.1300617754,1.844964266,,,,,,,,
2017,129,Cambodia,4.168000221,4.278517814,4.057482629,0.6017650962,1.006238341,0.4297834039,0.6333758235,0.3859229684,0.06810595095,1.042941093,,,,,,,,
2017,130,Sudan,4.138999939,4.345747165,3.932252713,0.6595166922,1.21400857,0.2909208238,0.01499585528,0.1823174506,0.08984751999,1.68706584,,,,,,,,
2017,131,Ghana,4.119999886,4.222707209,4.017292563,0.6672248244,0.8736647367,0.2956377268,0.4230262935,0.2569239438,0.02533636987,1.577867508,,,,,,,,
2017,132,Ukraine,4.096000195,4.185410105,4.006590285,0.8946519494,1.394537568,0.5759039521,0.1229747757,0.2700614631,0.02302947082,0.8143823147,,,,,,,,
2017,133,Uganda,4.080999851,4.195799967,3.966199735,0.3814307153,1.129827738,0.2176326066,0.4431859553,0.3257660568,0.05706971884,1.526362658,,,,,,,,
2017,134,Burkina Faso,4.032000065,4.124059064,3.939941065,0.3502277136,1.043280005,0.2158442587,0.324367851,0.2508646846,0.120328106,1.727212906,,,,,,,,
2017,135,Niger,4.027999878,4.11194682,3.944052936,0.1619253308,0.9930250049,0.268505007,0.3636586964,0.2286738455,0.1385729462,1.873983383,,,,,,,,
2017,136,Malawi,3.970000029,4.077478817,3.86252124,0.2334420383,0.5125688314,0.3150895834,0.4669146538,0.2871704698,0.07271165401,2.081786156,,,,,,,,
2017,137,Chad,3.936000109,4.034711524,3.837288693,0.4380129874,0.9538558722,0.04113471508,0.1623420268,0.2161138505,0.05358188227,2.071238041,,,,,,,,
2017,138,Zimbabwe,3.875,3.978699643,3.771300357,0.375846535,1.083095908,0.1967637539,0.336384207,0.1891434938,0.09537538141,1.597970247,,,,,,,,
2017,139,Lesotho,3.808000088,4.044343975,3.5716562,0.5210212469,1.190095186,0,0.3906612992,0.1574972719,0.11909464,1.42983532,,,,,,,,
2017,140,Angola,3.795000076,3.951641935,3.638358217,0.8584281802,1.10441196,0.04986866564,0,0.09792649001,0.0697203353,1.614482403,,,,,,,,
2017,141,Afghanistan,3.79399991,3.873661415,3.714338405,0.4014772177,0.5815433264,0.1807467788,0.1061795205,0.3118709326,0.06115783006,2.150801182,,,,,,,,
2017,142,Botswana,3.766000032,3.874122666,3.657877399,1.122094154,1.221554995,0.3417555094,0.5051963329,0.09934844822,0.09858319908,0.3779137135,,,,,,,,
2017,143,Benin,3.657000065,3.745783551,3.568216578,0.4310854077,0.4352998435,0.2099302113,0.4259627759,0.2079484612,0.06092901528,1.885630965,,,,,,,,
2017,144,Madagascar,3.644000053,3.714319106,3.573681001,0.3058086932,0.9130203724,0.3752233088,0.1891967654,0.2087325305,0.0672319755,1.584612608,,,,,,,,
2017,145,Haiti,3.602999926,3.734714798,3.471285053,0.3686102629,0.6404498219,0.27732113,0.03036985733,0.4892037809,0.09987214953,1.697167635,,,,,,,,
2017,146,Yemen,3.592999935,3.69275032,3.49324955,0.5916834474,0.935382247,0.3100809157,0.2494637221,0.1041252092,0.05676742271,1.345600605,,,,,,,,
2017,147,South Sudan,3.59100008,3.725538586,3.456461574,0.3972486258,0.6013231277,0.1634860039,0.1470624357,0.2856708169,0.1167935133,1.879567385,,,,,,,,
2017,148,Liberia,3.532999992,3.653756261,3.412243724,0.119041793,0.8721179366,0.2299181968,0.3328811824,0.2665498853,0.03894824907,1.673285961,,,,,,,,
2017,149,Guinea,3.506999969,3.584428129,3.42957181,0.2445499301,0.7912446856,0.1941291392,0.348587513,0.2648150921,0.1109376177,1.552311897,,,,,,,,
2017,150,Togo,3.494999886,3.594038112,3.395961659,0.3054447174,0.4318825305,0.2471055686,0.3804261386,0.1968961507,0.09566501528,1.837229252,,,,,,,,
2017,151,Rwanda,3.470999956,3.543030234,3.398969679,0.3687458932,0.9457070231,0.3264248073,0.581843853,0.2527560294,0.4552200139,0.5400612354,,,,,,,,
2017,152,Syria,3.461999893,3.663668557,3.26033123,0.7771531343,0.3961026073,0.5005333424,0.08153944463,0.4936637282,0.1513471305,1.061573505,,,,,,,,
2017,153,Tanzania,3.348999977,3.461429755,3.236570199,0.5111358762,1.041989803,0.3645092845,0.3900177777,0.3542563617,0.06603510678,0.6211304665,,,,,,,,
2017,154,Burundi,2.904999971,3.074690333,2.73530961,0.09162256867,0.6297935843,0.1516107917,0.0599007532,0.2044351846,0.08414794505,1.683024168,,,,,,,,
2017,155,Central African Republic,2.693000078,2.864884269,2.521115887,0,0,0.0187726859,0.2708420455,0.2808764875,0.05656507611,2.066004753,,,,,,,,
2018,1,Finland,7.632,1.305,1.592,0.874,0.681,0.202,0.393,,,,,,,,,,,
2018,2,Norway,7.594,1.456,1.582,0.861,0.686,0.286,0.34,,,,,,,,,,,
2018,3,Denmark,7.555,1.351,1.59,0.868,0.683,0.284,0.408,,,,,,,,,,,
2018,4,Iceland,7.495,1.343,1.644,0.914,0.677,0.353,0.138,,,,,,,,,,,
2018,5,Switzerland,7.487,1.42,1.549,0.927,0.66,0.256,0.357,,,,,,,,,,,
2018,6,Netherlands,7.441,1.361,1.488,0.878,0.638,0.333,0.295,,,,,,,,,,,
2018,7,Canada,7.328,1.33,1.532,0.896,0.653,0.321,0.291,,,,,,,,,,,
2018,8,New Zealand,7.324,1.268,1.601,0.876,0.669,0.365,0.389,,,,,,,,,,,
2018,9,Sweden,7.314,1.355,1.501,0.913,0.659,0.285,0.383,,,,,,,,,,,
2018,10,Australia,7.272,1.34,1.573,0.91,0.647,0.361,0.302,,,,,,,,,,,
2018,11,United Kingdom,7.19,1.244,1.433,0.888,0.464,0.262,0.082,,,,,,,,,,,
2018,12,Austria,7.139,1.341,1.504,0.891,0.617,0.242,0.224,,,,,,,,,,,
2018,13,Costa Rica,7.072,1.01,1.459,0.817,0.632,0.143,0.101,,,,,,,,,,,
2018,14,Ireland,6.977,1.448,1.583,0.876,0.614,0.307,0.306,,,,,,,,,,,
2018,15,Germany,6.965,1.34,1.474,0.861,0.586,0.273,0.28,,,,,,,,,,,
2018,16,Belgium,6.927,1.324,1.483,0.894,0.583,0.188,0.24,,,,,,,,,,,
2018,17,Luxembourg,6.91,1.576,1.52,0.896,0.632,0.196,0.321,,,,,,,,,,,
2018,18,United States,6.886,1.398,1.471,0.819,0.547,0.291,0.133,,,,,,,,,,,
2018,19,Israel,6.814,1.301,1.559,0.883,0.533,0.354,0.272,,,,,,,,,,,
2018,20,United Arab Emirates,6.774,2.096,0.776,0.67,0.284,0.186,N/A,,,,,,,,,,,
2018,21,Czech Republic,6.711,1.233,1.489,0.854,0.543,0.064,0.034,,,,,,,,,,,
2018,22,Malta,6.627,1.27,1.525,0.884,0.645,0.376,0.142,,,,,,,,,,,
2018,23,France,6.489,1.293,1.466,0.908,0.52,0.098,0.176,,,,,,,,,,,
2018,24,Mexico,6.488,1.038,1.252,0.761,0.479,0.069,0.095,,,,,,,,,,,
2018,25,Chile,6.476,1.131,1.331,0.808,0.431,0.197,0.061,,,,,,,,,,,
2018,26,Taiwan,6.441,1.365,1.436,0.857,0.418,0.151,0.078,,,,,,,,,,,
2018,27,Panama,6.43,1.112,1.438,0.759,0.597,0.125,0.063,,,,,,,,,,,
2018,28,Brazil,6.419,0.986,1.474,0.675,0.493,0.11,0.088,,,,,,,,,,,
2018,29,Argentina,6.388,1.073,1.468,0.744,0.57,0.062,0.054,,,,,,,,,,,
2018,30,Guatemala,6.382,0.781,1.268,0.608,0.604,0.179,0.071,,,,,,,,,,,
2018,31,Uruguay,6.379,1.093,1.459,0.771,0.625,0.13,0.155,,,,,,,,,,,
2018,32,Qatar,6.374,1.649,1.303,0.748,0.654,0.256,0.171,,,,,,,,,,,
2018,33,Saudi Arabia,6.371,1.379,1.331,0.633,0.509,0.098,0.127,,,,,,,,,,,
2018,34,Singapore,6.343,1.529,1.451,1.008,0.631,0.261,0.457,,,,,,,,,,,
2018,35,Malaysia,6.322,1.161,1.258,0.669,0.356,0.311,0.059,,,,,,,,,,,
2018,36,Spain,6.31,1.251,1.538,0.965,0.449,0.142,0.074,,,,,,,,,,,
2018,37,Colombia,6.26,0.96,1.439,0.635,0.531,0.099,0.039,,,,,,,,,,,
2018,38,Trinidad & Tobago,6.192,1.223,1.492,0.564,0.575,0.171,0.019,,,,,,,,,,,
2018,39,Slovakia,6.173,1.21,1.537,0.776,0.354,0.118,0.014,,,,,,,,,,,
2018,40,El Salvador,6.167,0.806,1.231,0.639,0.461,0.065,0.082,,,,,,,,,,,
2018,41,Nicaragua,6.141,0.668,1.319,0.7,0.527,0.208,0.128,,,,,,,,,,,
2018,42,Poland,6.123,1.176,1.448,0.781,0.546,0.108,0.064,,,,,,,,,,,
2018,43,Bahrain,6.105,1.338,1.366,0.698,0.594,0.243,0.123,,,,,,,,,,,
2018,44,Uzbekistan,6.096,0.719,1.584,0.605,0.724,0.328,0.259,,,,,,,,,,,
2018,45,Kuwait,6.083,1.474,1.301,0.675,0.554,0.167,0.106,,,,,,,,,,,
2018,46,Thailand,6.072,1.016,1.417,0.707,0.637,0.364,0.029,,,,,,,,,,,
2018,47,Italy,6,1.264,1.501,0.946,0.281,0.137,0.028,,,,,,,,,,,
2018,48,Ecuador,5.973,0.889,1.33,0.736,0.556,0.114,0.12,,,,,,,,,,,
2018,49,Belize,5.956,0.807,1.101,0.474,0.593,0.183,0.089,,,,,,,,,,,
2018,50,Lithuania,5.952,1.197,1.527,0.716,0.35,0.026,0.006,,,,,,,,,,,
2018,51,Slovenia,5.948,1.219,1.506,0.856,0.633,0.16,0.051,,,,,,,,,,,
2018,52,Romania,5.945,1.116,1.219,0.726,0.528,0.088,0.001,,,,,,,,,,,
2018,53,Latvia,5.933,1.148,1.454,0.671,0.363,0.092,0.066,,,,,,,,,,,
2018,54,Japan,5.915,1.294,1.462,0.988,0.553,0.079,0.15,,,,,,,,,,,
2018,55,Mauritius,5.891,1.09,1.387,0.684,0.584,0.245,0.05,,,,,,,,,,,
2018,56,Jamaica,5.89,0.819,1.493,0.693,0.575,0.096,0.031,,,,,,,,,,,
2018,57,South Korea,5.875,1.266,1.204,0.955,0.244,0.175,0.051,,,,,,,,,,,
2018,58,Northern Cyprus,5.835,1.229,1.211,0.909,0.495,0.179,0.154,,,,,,,,,,,
2018,59,Russia,5.81,1.151,1.479,0.599,0.399,0.065,0.025,,,,,,,,,,,
2018,60,Kazakhstan,5.79,1.143,1.516,0.631,0.454,0.148,0.121,,,,,,,,,,,
2018,61,Cyprus,5.762,1.229,1.191,0.909,0.423,0.202,0.035,,,,,,,,,,,
2018,62,Bolivia,5.752,0.751,1.223,0.508,0.606,0.141,0.054,,,,,,,,,,,
2018,63,Estonia,5.739,1.2,1.532,0.737,0.553,0.086,0.174,,,,,,,,,,,
2018,64,Paraguay,5.681,0.835,1.522,0.615,0.541,0.162,0.074,,,,,,,,,,,
2018,65,Peru,5.663,0.934,1.249,0.674,0.53,0.092,0.034,,,,,,,,,,,
2018,66,Kosovo,5.662,0.855,1.23,0.578,0.448,0.274,0.023,,,,,,,,,,,
2018,67,Moldova,5.64,0.657,1.301,0.62,0.232,0.171,0,,,,,,,,,,,
2018,68,Turkmenistan,5.636,1.016,1.533,0.517,0.417,0.199,0.037,,,,,,,,,,,
2018,69,Hungary,5.62,1.171,1.401,0.732,0.259,0.061,0.022,,,,,,,,,,,
2018,70,Libya,5.566,0.985,1.35,0.553,0.496,0.116,0.148,,,,,,,,,,,
2018,71,Philippines,5.524,0.775,1.312,0.513,0.643,0.12,0.105,,,,,,,,,,,
2018,72,Honduras,5.504,0.62,1.205,0.622,0.459,0.197,0.074,,,,,,,,,,,
2018,73,Belarus,5.483,1.039,1.498,0.7,0.307,0.101,0.154,,,,,,,,,,,
2018,74,Turkey,5.483,1.148,1.38,0.686,0.324,0.106,0.109,,,,,,,,,,,
2018,75,Pakistan,5.472,0.652,0.81,0.424,0.334,0.216,0.113,,,,,,,,,,,
2018,76,Hong Kong,5.43,1.405,1.29,1.03,0.524,0.246,0.291,,,,,,,,,,,
2018,77,Portugal,5.41,1.188,1.429,0.884,0.562,0.055,0.017,,,,,,,,,,,
2018,78,Serbia,5.398,0.975,1.369,0.685,0.288,0.134,0.043,,,,,,,,,,,
2018,79,Greece,5.358,1.154,1.202,0.879,0.131,0,0.044,,,,,,,,,,,
2018,80,Lebanon,5.358,0.965,1.179,0.785,0.503,0.214,0.136,,,,,,,,,,,
2018,81,Montenegro,5.347,1.017,1.279,0.729,0.259,0.111,0.081,,,,,,,,,,,
2018,82,Croatia,5.321,1.115,1.161,0.737,0.38,0.12,0.039,,,,,,,,,,,
2018,83,Dominican Republic,5.302,0.982,1.441,0.614,0.578,0.12,0.106,,,,,,,,,,,
2018,84,Algeria,5.295,0.979,1.154,0.687,0.077,0.055,0.135,,,,,,,,,,,
2018,85,Morocco,5.254,0.779,0.797,0.669,0.46,0.026,0.074,,,,,,,,,,,
2018,86,China,5.246,0.989,1.142,0.799,0.597,0.029,0.103,,,,,,,,,,,
2018,87,Azerbaijan,5.201,1.024,1.161,0.603,0.43,0.031,0.176,,,,,,,,,,,
2018,88,Tajikistan,5.199,0.474,1.166,0.598,0.292,0.187,0.034,,,,,,,,,,,
2018,89,Macedonia,5.185,0.959,1.239,0.691,0.394,0.173,0.052,,,,,,,,,,,
2018,90,Jordan,5.161,0.822,1.265,0.645,0.468,0.13,0.134,,,,,,,,,,,
2018,91,Nigeria,5.155,0.689,1.172,0.048,0.462,0.201,0.032,,,,,,,,,,,
2018,92,Kyrgyzstan,5.131,0.53,1.416,0.594,0.54,0.281,0.035,,,,,,,,,,,
2018,93,Bosnia and Herzegovina,5.129,0.915,1.078,0.758,0.28,0.216,0,,,,,,,,,,,
2018,94,Mongolia,5.125,0.914,1.517,0.575,0.395,0.253,0.032,,,,,,,,,,,
2018,95,Vietnam,5.103,0.715,1.365,0.702,0.618,0.177,0.079,,,,,,,,,,,
2018,96,Indonesia,5.093,0.899,1.215,0.522,0.538,0.484,0.018,,,,,,,,,,,
2018,97,Bhutan,5.082,0.796,1.335,0.527,0.541,0.364,0.171,,,,,,,,,,,
2018,98,Somalia,4.982,0,0.712,0.115,0.674,0.238,0.282,,,,,,,,,,,
2018,99,Cameroon,4.975,0.535,0.891,0.182,0.454,0.183,0.043,,,,,,,,,,,
2018,100,Bulgaria,4.933,1.054,1.515,0.712,0.359,0.064,0.009,,,,,,,,,,,
2018,101,Nepal,4.88,0.425,1.228,0.539,0.526,0.302,0.078,,,,,,,,,,,
2018,102,Venezuela,4.806,0.996,1.469,0.657,0.133,0.056,0.052,,,,,,,,,,,
2018,103,Gabon,4.758,1.036,1.164,0.404,0.356,0.032,0.052,,,,,,,,,,,
2018,104,Palestinian Territories,4.743,0.642,1.217,0.602,0.266,0.086,0.076,,,,,,,,,,,
2018,105,South Africa,4.724,0.94,1.41,0.33,0.516,0.103,0.056,,,,,,,,,,,
2018,106,Iran,4.707,1.059,0.771,0.691,0.459,0.282,0.129,,,,,,,,,,,
2018,107,Ivory Coast,4.671,0.541,0.872,0.08,0.467,0.146,0.103,,,,,,,,,,,
2018,108,Ghana,4.657,0.592,0.896,0.337,0.499,0.212,0.029,,,,,,,,,,,
2018,109,Senegal,4.631,0.429,1.117,0.433,0.406,0.138,0.082,,,,,,,,,,,
2018,110,Laos,4.623,0.72,1.034,0.441,0.626,0.23,0.174,,,,,,,,,,,
2018,111,Tunisia,4.592,0.9,0.906,0.69,0.271,0.04,0.063,,,,,,,,,,,
2018,112,Albania,4.586,0.916,0.817,0.79,0.419,0.149,0.032,,,,,,,,,,,
2018,113,Sierra Leone,4.571,0.256,0.813,0,0.355,0.238,0.053,,,,,,,,,,,
2018,114,Congo (Brazzaville),4.559,0.682,0.811,0.343,0.514,0.091,0.077,,,,,,,,,,,
2018,115,Bangladesh,4.5,0.532,0.85,0.579,0.58,0.153,0.144,,,,,,,,,,,
2018,116,Sri Lanka,4.471,0.918,1.314,0.672,0.585,0.307,0.05,,,,,,,,,,,
2018,117,Iraq,4.456,1.01,0.971,0.536,0.304,0.148,0.095,,,,,,,,,,,
2018,118,Mali,4.447,0.37,1.233,0.152,0.367,0.139,0.056,,,,,,,,,,,
2018,119,Namibia,4.441,0.874,1.281,0.365,0.519,0.051,0.064,,,,,,,,,,,
2018,120,Cambodia,4.433,0.549,1.088,0.457,0.696,0.256,0.065,,,,,,,,,,,
2018,121,Burkina Faso,4.424,0.314,1.097,0.254,0.312,0.175,0.128,,,,,,,,,,,
2018,122,Egypt,4.419,0.885,1.025,0.553,0.312,0.092,0.107,,,,,,,,,,,
2018,123,Mozambique,4.417,0.198,0.902,0.173,0.531,0.206,0.158,,,,,,,,,,,
2018,124,Kenya,4.41,0.493,1.048,0.454,0.504,0.352,0.055,,,,,,,,,,,
2018,125,Zambia,4.377,0.562,1.047,0.295,0.503,0.221,0.082,,,,,,,,,,,
2018,126,Mauritania,4.356,0.557,1.245,0.292,0.129,0.134,0.093,,,,,,,,,,,
2018,127,Ethiopia,4.35,0.308,0.95,0.391,0.452,0.22,0.146,,,,,,,,,,,
2018,128,Georgia,4.34,0.853,0.592,0.643,0.375,0.038,0.215,,,,,,,,,,,
2018,129,Armenia,4.321,0.816,0.99,0.666,0.26,0.077,0.028,,,,,,,,,,,
2018,130,Myanmar,4.308,0.682,1.174,0.429,0.58,0.598,0.178,,,,,,,,,,,
2018,131,Chad,4.301,0.358,0.907,0.053,0.189,0.181,0.06,,,,,,,,,,,
2018,132,Congo (Kinshasa),4.245,0.069,1.136,0.204,0.312,0.197,0.052,,,,,,,,,,,
2018,133,India,4.19,0.721,0.747,0.485,0.539,0.172,0.093,,,,,,,,,,,
2018,134,Niger,4.166,0.131,0.867,0.221,0.39,0.175,0.099,,,,,,,,,,,
2018,135,Uganda,4.161,0.322,1.09,0.237,0.45,0.259,0.061,,,,,,,,,,,
2018,136,Benin,4.141,0.378,0.372,0.24,0.44,0.163,0.067,,,,,,,,,,,
2018,137,Sudan,4.139,0.605,1.24,0.312,0.016,0.134,0.082,,,,,,,,,,,
2018,138,Ukraine,4.103,0.793,1.413,0.609,0.163,0.187,0.011,,,,,,,,,,,
2018,139,Togo,3.999,0.259,0.474,0.253,0.434,0.158,0.101,,,,,,,,,,,
2018,140,Guinea,3.964,0.344,0.792,0.211,0.394,0.185,0.094,,,,,,,,,,,
2018,141,Lesotho,3.808,0.472,1.215,0.079,0.423,0.116,0.112,,,,,,,,,,,
2018,142,Angola,3.795,0.73,1.125,0.269,0,0.079,0.061,,,,,,,,,,,
2018,143,Madagascar,3.774,0.262,0.908,0.402,0.221,0.155,0.049,,,,,,,,,,,
2018,144,Zimbabwe,3.692,0.357,1.094,0.248,0.406,0.132,0.099,,,,,,,,,,,
2018,145,Afghanistan,3.632,0.332,0.537,0.255,0.085,0.191,0.036,,,,,,,,,,,
2018,146,Botswana,3.59,1.017,1.174,0.417,0.557,0.042,0.092,,,,,,,,,,,
2018,147,Malawi,3.587,0.186,0.541,0.306,0.531,0.21,0.08,,,,,,,,,,,
2018,148,Haiti,3.582,0.315,0.714,0.289,0.025,0.392,0.104,,,,,,,,,,,
2018,149,Liberia,3.495,0.076,0.858,0.267,0.419,0.206,0.03,,,,,,,,,,,
2018,150,Syria,3.462,0.689,0.382,0.539,0.088,0.376,0.144,,,,,,,,,,,
2018,151,Rwanda,3.408,0.332,0.896,0.4,0.636,0.2,0.444,,,,,,,,,,,
2018,152,Yemen,3.355,0.442,1.073,0.343,0.244,0.083,0.064,,,,,,,,,,,
2018,153,Tanzania,3.303,0.455,0.991,0.381,0.481,0.27,0.097,,,,,,,,,,,
2018,154,South Sudan,3.254,0.337,0.608,0.177,0.112,0.224,0.106,,,,,,,,,,,
2018,155,Central African Republic,3.083,0.024,0,0.01,0.305,0.218,0.038,,,,,,,,,,,
2018,156,Burundi,2.905,0.091,0.627,0.145,0.065,0.149,0.076,,,,,,,,,,,
2019,1,Finland,7.769,1.34,1.587,0.986,0.596,0.153,0.393,,,,,,,,,,,
2019,2,Denmark,7.6,1.383,1.573,0.996,0.592,0.252,0.41,,,,,,,,,,,
2019,3,Norway,7.554,1.488,1.582,1.028,0.603,0.271,0.341,,,,,,,,,,,
2019,4,Iceland,7.494,1.38,1.624,1.026,0.591,0.354,0.118,,,,,,,,,,,
2019,5,Netherlands,7.488,1.396,1.522,0.999,0.557,0.322,0.298,,,,,,,,,,,
2019,6,Switzerland,7.48,1.452,1.526,1.052,0.572,0.263,0.343,,,,,,,,,,,
2019,7,Sweden,7.343,1.387,1.487,1.009,0.574,0.267,0.373,,,,,,,,,,,
2019,8,New Zealand,7.307,1.303,1.557,1.026,0.585,0.33,0.38,,,,,,,,,,,
2019,9,Canada,7.278,1.365,1.505,1.039,0.584,0.285,0.308,,,,,,,,,,,
2019,10,Austria,7.246,1.376,1.475,1.016,0.532,0.244,0.226,,,,,,,,,,,
2019,11,Australia,7.228,1.372,1.548,1.036,0.557,0.332,0.29,,,,,,,,,,,
2019,12,Costa Rica,7.167,1.034,1.441,0.963,0.558,0.144,0.093,,,,,,,,,,,
2019,13,Israel,7.139,1.276,1.455,1.029,0.371,0.261,0.082,,,,,,,,,,,
2019,14,Luxembourg,7.09,1.609,1.479,1.012,0.526,0.194,0.316,,,,,,,,,,,
2019,15,United Kingdom,7.054,1.333,1.538,0.996,0.45,0.348,0.278,,,,,,,,,,,
2019,16,Ireland,7.021,1.499,1.553,0.999,0.516,0.298,0.31,,,,,,,,,,,
2019,17,Germany,6.985,1.373,1.454,0.987,0.495,0.261,0.265,,,,,,,,,,,
2019,18,Belgium,6.923,1.356,1.504,0.986,0.473,0.16,0.21,,,,,,,,,,,
2019,19,United States,6.892,1.433,1.457,0.874,0.454,0.28,0.128,,,,,,,,,,,
2019,20,Czech Republic,6.852,1.269,1.487,0.92,0.457,0.046,0.036,,,,,,,,,,,
2019,21,United Arab Emirates,6.825,1.503,1.31,0.825,0.598,0.262,0.182,,,,,,,,,,,
2019,22,Malta,6.726,1.3,1.52,0.999,0.564,0.375,0.151,,,,,,,,,,,
2019,23,Mexico,6.595,1.07,1.323,0.861,0.433,0.074,0.073,,,,,,,,,,,
2019,24,France,6.592,1.324,1.472,1.045,0.436,0.111,0.183,,,,,,,,,,,
2019,25,Taiwan,6.446,1.368,1.43,0.914,0.351,0.242,0.097,,,,,,,,,,,
2019,26,Chile,6.444,1.159,1.369,0.92,0.357,0.187,0.056,,,,,,,,,,,
2019,27,Guatemala,6.436,0.8,1.269,0.746,0.535,0.175,0.078,,,,,,,,,,,
2019,28,Saudi Arabia,6.375,1.403,1.357,0.795,0.439,0.08,0.132,,,,,,,,,,,
2019,29,Qatar,6.374,1.684,1.313,0.871,0.555,0.22,0.167,,,,,,,,,,,
2019,30,Spain,6.354,1.286,1.484,1.062,0.362,0.153,0.079,,,,,,,,,,,
2019,31,Panama,6.321,1.149,1.442,0.91,0.516,0.109,0.054,,,,,,,,,,,
2019,32,Brazil,6.3,1.004,1.439,0.802,0.39,0.099,0.086,,,,,,,,,,,
2019,33,Uruguay,6.293,1.124,1.465,0.891,0.523,0.127,0.15,,,,,,,,,,,
2019,34,Singapore,6.262,1.572,1.463,1.141,0.556,0.271,0.453,,,,,,,,,,,
2019,35,El Salvador,6.253,0.794,1.242,0.789,0.43,0.093,0.074,,,,,,,,,,,
2019,36,Italy,6.223,1.294,1.488,1.039,0.231,0.158,0.03,,,,,,,,,,,
2019,37,Bahrain,6.199,1.362,1.368,0.871,0.536,0.255,0.11,,,,,,,,,,,
2019,38,Slovakia,6.198,1.246,1.504,0.881,0.334,0.121,0.014,,,,,,,,,,,
2019,39,Trinidad & Tobago,6.192,1.231,1.477,0.713,0.489,0.185,0.016,,,,,,,,,,,
2019,40,Poland,6.182,1.206,1.438,0.884,0.483,0.117,0.05,,,,,,,,,,,
2019,41,Uzbekistan,6.174,0.745,1.529,0.756,0.631,0.322,0.24,,,,,,,,,,,
2019,42,Lithuania,6.149,1.238,1.515,0.818,0.291,0.043,0.042,,,,,,,,,,,
2019,43,Colombia,6.125,0.985,1.41,0.841,0.47,0.099,0.034,,,,,,,,,,,
2019,44,Slovenia,6.118,1.258,1.523,0.953,0.564,0.144,0.057,,,,,,,,,,,
2019,45,Nicaragua,6.105,0.694,1.325,0.835,0.435,0.2,0.127,,,,,,,,,,,
2019,46,Kosovo,6.1,0.882,1.232,0.758,0.489,0.262,0.006,,,,,,,,,,,
2019,47,Argentina,6.086,1.092,1.432,0.881,0.471,0.066,0.05,,,,,,,,,,,
2019,48,Romania,6.07,1.162,1.232,0.825,0.462,0.083,0.005,,,,,,,,,,,
2019,49,Cyprus,6.046,1.263,1.223,1.042,0.406,0.19,0.041,,,,,,,,,,,
2019,50,Ecuador,6.028,0.912,1.312,0.868,0.498,0.126,0.087,,,,,,,,,,,
2019,51,Kuwait,6.021,1.5,1.319,0.808,0.493,0.142,0.097,,,,,,,,,,,
2019,52,Thailand,6.008,1.05,1.409,0.828,0.557,0.359,0.028,,,,,,,,,,,
2019,53,Latvia,5.94,1.187,1.465,0.812,0.264,0.075,0.064,,,,,,,,,,,
2019,54,South Korea,5.895,1.301,1.219,1.036,0.159,0.175,0.056,,,,,,,,,,,
2019,55,Estonia,5.893,1.237,1.528,0.874,0.495,0.103,0.161,,,,,,,,,,,
2019,56,Jamaica,5.89,0.831,1.478,0.831,0.49,0.107,0.028,,,,,,,,,,,
2019,57,Mauritius,5.888,1.12,1.402,0.798,0.498,0.215,0.06,,,,,,,,,,,
2019,58,Japan,5.886,1.327,1.419,1.088,0.445,0.069,0.14,,,,,,,,,,,
2019,59,Honduras,5.86,0.642,1.236,0.828,0.507,0.246,0.078,,,,,,,,,,,
2019,60,Kazakhstan,5.809,1.173,1.508,0.729,0.41,0.146,0.096,,,,,,,,,,,
2019,61,Bolivia,5.779,0.776,1.209,0.706,0.511,0.137,0.064,,,,,,,,,,,
2019,62,Hungary,5.758,1.201,1.41,0.828,0.199,0.081,0.02,,,,,,,,,,,
2019,63,Paraguay,5.743,0.855,1.475,0.777,0.514,0.184,0.08,,,,,,,,,,,
2019,64,Northern Cyprus,5.718,1.263,1.252,1.042,0.417,0.191,0.162,,,,,,,,,,,
2019,65,Peru,5.697,0.96,1.274,0.854,0.455,0.083,0.027,,,,,,,,,,,
2019,66,Portugal,5.693,1.221,1.431,0.999,0.508,0.047,0.025,,,,,,,,,,,
2019,67,Pakistan,5.653,0.677,0.886,0.535,0.313,0.22,0.098,,,,,,,,,,,
2019,68,Russia,5.648,1.183,1.452,0.726,0.334,0.082,0.031,,,,,,,,,,,
2019,69,Philippines,5.631,0.807,1.293,0.657,0.558,0.117,0.107,,,,,,,,,,,
2019,70,Serbia,5.603,1.004,1.383,0.854,0.282,0.137,0.039,,,,,,,,,,,
2019,71,Moldova,5.529,0.685,1.328,0.739,0.245,0.181,0,,,,,,,,,,,
2019,72,Libya,5.525,1.044,1.303,0.673,0.416,0.133,0.152,,,,,,,,,,,
2019,73,Montenegro,5.523,1.051,1.361,0.871,0.197,0.142,0.08,,,,,,,,,,,
2019,74,Tajikistan,5.467,0.493,1.098,0.718,0.389,0.23,0.144,,,,,,,,,,,
2019,75,Croatia,5.432,1.155,1.266,0.914,0.296,0.119,0.022,,,,,,,,,,,
2019,76,Hong Kong,5.43,1.438,1.277,1.122,0.44,0.258,0.287,,,,,,,,,,,
2019,77,Dominican Republic,5.425,1.015,1.401,0.779,0.497,0.113,0.101,,,,,,,,,,,
2019,78,Bosnia and Herzegovina,5.386,0.945,1.212,0.845,0.212,0.263,0.006,,,,,,,,,,,
2019,79,Turkey,5.373,1.183,1.36,0.808,0.195,0.083,0.106,,,,,,,,,,,
2019,80,Malaysia,5.339,1.221,1.171,0.828,0.508,0.26,0.024,,,,,,,,,,,
2019,81,Belarus,5.323,1.067,1.465,0.789,0.235,0.094,0.142,,,,,,,,,,,
2019,82,Greece,5.287,1.181,1.156,0.999,0.067,0,0.034,,,,,,,,,,,
2019,83,Mongolia,5.285,0.948,1.531,0.667,0.317,0.235,0.038,,,,,,,,,,,
2019,84,North Macedonia,5.274,0.983,1.294,0.838,0.345,0.185,0.034,,,,,,,,,,,
2019,85,Nigeria,5.265,0.696,1.111,0.245,0.426,0.215,0.041,,,,,,,,,,,
2019,86,Kyrgyzstan,5.261,0.551,1.438,0.723,0.508,0.3,0.023,,,,,,,,,,,
2019,87,Turkmenistan,5.247,1.052,1.538,0.657,0.394,0.244,0.028,,,,,,,,,,,
2019,88,Algeria,5.211,1.002,1.16,0.785,0.086,0.073,0.114,,,,,,,,,,,
2019,89,Morocco,5.208,0.801,0.782,0.782,0.418,0.036,0.076,,,,,,,,,,,
2019,90,Azerbaijan,5.208,1.043,1.147,0.769,0.351,0.035,0.182,,,,,,,,,,,
2019,91,Lebanon,5.197,0.987,1.224,0.815,0.216,0.166,0.027,,,,,,,,,,,
2019,92,Indonesia,5.192,0.931,1.203,0.66,0.491,0.498,0.028,,,,,,,,,,,
2019,93,China,5.191,1.029,1.125,0.893,0.521,0.058,0.1,,,,,,,,,,,
2019,94,Vietnam,5.175,0.741,1.346,0.851,0.543,0.147,0.073,,,,,,,,,,,
2019,95,Bhutan,5.082,0.813,1.321,0.604,0.457,0.37,0.167,,,,,,,,,,,
2019,96,Cameroon,5.044,0.549,0.91,0.331,0.381,0.187,0.037,,,,,,,,,,,
2019,97,Bulgaria,5.011,1.092,1.513,0.815,0.311,0.081,0.004,,,,,,,,,,,
2019,98,Ghana,4.996,0.611,0.868,0.486,0.381,0.245,0.04,,,,,,,,,,,
2019,99,Ivory Coast,4.944,0.569,0.808,0.232,0.352,0.154,0.09,,,,,,,,,,,
2019,100,Nepal,4.913,0.446,1.226,0.677,0.439,0.285,0.089,,,,,,,,,,,
2019,101,Jordan,4.906,0.837,1.225,0.815,0.383,0.11,0.13,,,,,,,,,,,
2019,102,Benin,4.883,0.393,0.437,0.397,0.349,0.175,0.082,,,,,,,,,,,
2019,103,Congo (Brazzaville),4.812,0.673,0.799,0.508,0.372,0.105,0.093,,,,,,,,,,,
2019,104,Gabon,4.799,1.057,1.183,0.571,0.295,0.043,0.055,,,,,,,,,,,
2019,105,Laos,4.796,0.764,1.03,0.551,0.547,0.266,0.164,,,,,,,,,,,
2019,106,South Africa,4.722,0.96,1.351,0.469,0.389,0.13,0.055,,,,,,,,,,,
2019,107,Albania,4.719,0.947,0.848,0.874,0.383,0.178,0.027,,,,,,,,,,,
2019,108,Venezuela,4.707,0.96,1.427,0.805,0.154,0.064,0.047,,,,,,,,,,,
2019,109,Cambodia,4.7,0.574,1.122,0.637,0.609,0.232,0.062,,,,,,,,,,,
2019,110,Palestinian Territories,4.696,0.657,1.247,0.672,0.225,0.103,0.066,,,,,,,,,,,
2019,111,Senegal,4.681,0.45,1.134,0.571,0.292,0.153,0.072,,,,,,,,,,,
2019,112,Somalia,4.668,0,0.698,0.268,0.559,0.243,0.27,,,,,,,,,,,
2019,113,Namibia,4.639,0.879,1.313,0.477,0.401,0.07,0.056,,,,,,,,,,,
2019,114,Niger,4.628,0.138,0.774,0.366,0.318,0.188,0.102,,,,,,,,,,,
2019,115,Burkina Faso,4.587,0.331,1.056,0.38,0.255,0.177,0.113,,,,,,,,,,,
2019,116,Armenia,4.559,0.85,1.055,0.815,0.283,0.095,0.064,,,,,,,,,,,
2019,117,Iran,4.548,1.1,0.842,0.785,0.305,0.27,0.125,,,,,,,,,,,
2019,118,Guinea,4.534,0.38,0.829,0.375,0.332,0.207,0.086,,,,,,,,,,,
2019,119,Georgia,4.519,0.886,0.666,0.752,0.346,0.043,0.164,,,,,,,,,,,
2019,120,Gambia,4.516,0.308,0.939,0.428,0.382,0.269,0.167,,,,,,,,,,,
2019,121,Kenya,4.509,0.512,0.983,0.581,0.431,0.372,0.053,,,,,,,,,,,
2019,122,Mauritania,4.49,0.57,1.167,0.489,0.066,0.106,0.088,,,,,,,,,,,
2019,123,Mozambique,4.466,0.204,0.986,0.39,0.494,0.197,0.138,,,,,,,,,,,
2019,124,Tunisia,4.461,0.921,1,0.815,0.167,0.059,0.055,,,,,,,,,,,
2019,125,Bangladesh,4.456,0.562,0.928,0.723,0.527,0.166,0.143,,,,,,,,,,,
2019,126,Iraq,4.437,1.043,0.98,0.574,0.241,0.148,0.089,,,,,,,,,,,
2019,127,Congo (Kinshasa),4.418,0.094,1.125,0.357,0.269,0.212,0.053,,,,,,,,,,,
2019,128,Mali,4.39,0.385,1.105,0.308,0.327,0.153,0.052,,,,,,,,,,,
2019,129,Sierra Leone,4.374,0.268,0.841,0.242,0.309,0.252,0.045,,,,,,,,,,,
2019,130,Sri Lanka,4.366,0.949,1.265,0.831,0.47,0.244,0.047,,,,,,,,,,,
2019,131,Myanmar,4.36,0.71,1.181,0.555,0.525,0.566,0.172,,,,,,,,,,,
2019,132,Chad,4.35,0.35,0.766,0.192,0.174,0.198,0.078,,,,,,,,,,,
2019,133,Ukraine,4.332,0.82,1.39,0.739,0.178,0.187,0.01,,,,,,,,,,,
2019,134,Ethiopia,4.286,0.336,1.033,0.532,0.344,0.209,0.1,,,,,,,,,,,
2019,135,Swaziland,4.212,0.811,1.149,0,0.313,0.074,0.135,,,,,,,,,,,
2019,136,Uganda,4.189,0.332,1.069,0.443,0.356,0.252,0.06,,,,,,,,,,,
2019,137,Egypt,4.166,0.913,1.039,0.644,0.241,0.076,0.067,,,,,,,,,,,
2019,138,Zambia,4.107,0.578,1.058,0.426,0.431,0.247,0.087,,,,,,,,,,,
2019,139,Togo,4.085,0.275,0.572,0.41,0.293,0.177,0.085,,,,,,,,,,,
2019,140,India,4.015,0.755,0.765,0.588,0.498,0.2,0.085,,,,,,,,,,,
2019,141,Liberia,3.975,0.073,0.922,0.443,0.37,0.233,0.033,,,,,,,,,,,
2019,142,Comoros,3.973,0.274,0.757,0.505,0.142,0.275,0.078,,,,,,,,,,,
2019,143,Madagascar,3.933,0.274,0.916,0.555,0.148,0.169,0.041,,,,,,,,,,,
2019,144,Lesotho,3.802,0.489,1.169,0.168,0.359,0.107,0.093,,,,,,,,,,,
2019,145,Burundi,3.775,0.046,0.447,0.38,0.22,0.176,0.18,,,,,,,,,,,
2019,146,Zimbabwe,3.663,0.366,1.114,0.433,0.361,0.151,0.089,,,,,,,,,,,
2019,147,Haiti,3.597,0.323,0.688,0.449,0.026,0.419,0.11,,,,,,,,,,,
2019,148,Botswana,3.488,1.041,1.145,0.538,0.455,0.025,0.1,,,,,,,,,,,
2019,149,Syria,3.462,0.619,0.378,0.44,0.013,0.331,0.141,,,,,,,,,,,
2019,150,Malawi,3.41,0.191,0.56,0.495,0.443,0.218,0.089,,,,,,,,,,,
2019,151,Yemen,3.38,0.287,1.163,0.463,0.143,0.108,0.077,,,,,,,,,,,
2019,152,Rwanda,3.334,0.359,0.711,0.614,0.555,0.217,0.411,,,,,,,,,,,
2019,153,Tanzania,3.231,0.476,0.885,0.499,0.417,0.276,0.147,,,,,,,,,,,
2019,154,Afghanistan,3.203,0.35,0.517,0.361,0,0.158,0.025,,,,,,,,,,,
2019,155,Central African Republic,3.083,0.026,0,0.105,0.225,0.235,0.035,,,,,,,,,,,
2019,156,South Sudan,2.853,0.306,0.575,0.295,0.01,0.202,0.091,,,,,,,,,,,
2020,1,Finland,7.808700085,0.031156305,7.869766235,7.747633934,10.63926697,0.954329729,71.9008255,0.949172199,-0.059482019,0.195444584,1.972316742,1.285189509,1.499525905,0.961271405,0.66231674,0.159670442,0.477857262,2.762835026
2020,2,Denmark,7.645599842,0.033492286,7.711244583,7.579955101,10.77400112,0.955990791,72.40250397,0.951444268,0.066201776,0.168489456,1.972316742,1.326948524,1.503449202,0.979332566,0.665039897,0.242793396,0.495260328,2.432740688
2020,3,Switzerland,7.559899807,0.035014171,7.628527641,7.491271973,10.97993279,0.942846596,74.10244751,0.921336651,0.105911039,0.303728431,1.972316742,1.39077425,1.472403407,1.040533185,0.62895447,0.269055754,0.407945901,2.35026741
2020,4,Iceland,7.504499912,0.059615862,7.621346951,7.387652874,10.77255917,0.974669576,73,0.948891878,0.246944219,0.711709738,1.972316742,1.326501608,1.547567487,1.000843406,0.661980748,0.362330228,0.144540772,2.460688114
2020,5,Norway,7.487999916,0.034837384,7.55628109,7.419718742,11.08780384,0.952486575,73.20078278,0.955750287,0.13453263,0.263218194,1.972316742,1.42420733,1.495172501,1.008071899,0.670200884,0.287985086,0.434100568,2.168266296
2020,6,Netherlands,7.448900223,0.02779175,7.503372192,7.394428253,10.81271172,0.93913883,72.30091858,0.908547819,0.20761244,0.364717126,1.972316742,1.338946342,1.463645935,0.975675344,0.61362648,0.336317569,0.368569762,2.352117062
2020,7,Sweden,7.353499889,0.036234196,7.424519062,7.282480717,10.75879383,0.926311195,72.60076904,0.939144194,0.111614622,0.250880182,1.972316742,1.322235227,1.433347702,0.986470461,0.650297701,0.272827893,0.442066371,2.246299267
2020,8,New Zealand,7.299600124,0.039465468,7.376952648,7.222247601,10.50094318,0.949118972,73.20262909,0.936217487,0.191598073,0.22113885,1.972316742,1.242317915,1.48721838,1.008138299,0.646789908,0.325726211,0.461268276,2.128108025
2020,9,Austria,7.294199944,0.033365164,7.359595776,7.228804111,10.7428236,0.928045869,73.00250244,0.899989486,0.085429221,0.499954879,1.972316742,1.317285538,1.437444925,1.000933528,0.603368878,0.255509764,0.281256139,2.398446083
2020,10,Luxembourg,7.237500191,0.030851794,7.297969818,7.177030563,11.45068073,0.906912208,72.59999847,0.90563643,-0.004620588,0.367084295,1.972316742,1.536676049,1.387528419,0.986442685,0.610137045,0.19595392,0.367041469,2.153700352
2020,11,Canada,7.23210001,0.04040546,7.311294556,7.152905464,10.69236851,0.927176654,73.60160065,0.933913231,0.124770768,0.390843362,1.972316742,1.301647663,1.435391903,1.022501945,0.644028127,0.28152892,0.351701856,2.195269108
2020,12,Australia,7.222799778,0.041841116,7.30480814,7.140791416,10.72059631,0.944854617,73.60453796,0.915431738,0.19046016,0.41516912,1.972316742,1.310396433,1.477146268,1.022607684,0.621877193,0.324973613,0.335996419,2.129804134
2020,13,United Kingdom,7.164500237,0.037161909,7.237337589,7.091662884,10.60013485,0.93668282,72.30160522,0.834743679,0.263732493,0.435915917,1.972316742,1.273061037,1.457844973,0.97570008,0.525168657,0.373433441,0.322601646,2.236721992
2020,14,Israel,7.128600121,0.042515181,7.211929798,7.045270443,10.41752529,0.913571239,73.20025635,0.747580588,0.10259372,0.78085506,1.972316742,1.216463685,1.403256774,1.008052945,0.420699477,0.266861796,0.09989845,2.713358402
2020,15,Costa Rica,7.121399879,0.044816118,7.209239483,7.033560276,9.658156395,0.901545942,71.29985046,0.934738934,-0.10242971,0.786332428,1.972316742,0.981107712,1.374853611,0.939635336,0.645017743,0.131266311,0.096362092,2.953135014
2020,16,Ireland,7.093699932,0.039863452,7.171832085,7.01556778,11.16097832,0.942081571,72.30078888,0.886982977,0.145784974,0.357184172,1.972316742,1.446886778,1.470596433,0.975670695,0.587779939,0.295426995,0.373433262,1.943878174
2020,17,Germany,7.075799942,0.035609804,7.145595074,7.00600481,10.7328186,0.898874462,72.20201874,0.867371082,0.080179386,0.456422031,1.972316742,1.314184546,1.368543744,0.972114801,0.564274132,0.252037704,0.309362292,2.295249462
2020,18,United States,6.939599991,0.047316168,7.032339573,6.846860409,10.92576885,0.914219022,68.29949951,0.842619538,0.149891734,0.699715316,1.972316742,1.37398684,1.404786706,0.831618011,0.534608245,0.298143059,0.152284741,2.344124794
2020,19,Czech Republic,6.910900116,0.042891297,6.994966984,6.826833248,10.40416336,0.914430678,70.04793549,0.818537354,-0.230861515,0.85844624,1.972316742,1.212322354,1.40528667,0.89456445,0.505744576,0.046325929,0.049803223,2.796808243
2020,20,Belgium,6.863500118,0.034370355,6.930866241,6.796133995,10.6736393,0.911632538,72.00164795,0.813582063,-0.078691199,0.612297952,1.972316742,1.295842767,1.398677588,0.964901149,0.499805421,0.146966159,0.208724052,2.348626614
2020,21,United Arab Emirates,6.790800095,0.040698379,6.870568752,6.711031437,11.1099987,0.849181116,67.08278656,0.941345513,0.123450845,0.594502211,1.972316742,1.431086421,1.251170993,0.787814438,0.652936101,0.28065598,0.220213518,2.166965961
2020,22,Malta,6.772799969,0.042958103,6.856997967,6.688601971,10.53383827,0.93037951,72.19999695,0.924911439,0.214965805,0.658547282,1.972316742,1.252513289,1.442956924,0.972042024,0.633239031,0.341180831,0.178864077,1.952012062
2020,23,France,6.663799763,0.037576791,6.737450123,6.590149403,10.58422279,0.937103748,73.80193329,0.825467646,-0.130641967,0.583521128,1.972316742,1.268129349,1.458839178,1.029714227,0.514050901,0.112607703,0.227303237,2.053198338
2020,24,Mexico,6.465000153,0.048122469,6.559319973,6.370680332,9.797797203,0.838665426,68.29902649,0.858709276,-0.175266623,0.806821585,1.972316742,1.024387479,1.226333499,0.831601024,0.553892553,0.083094485,0.083133668,2.662540197
2020,25,Taiwan Province of China,6.45539999,0.039139576,6.532113552,6.378686428,10.77568531,0.894309103,69.59999847,0.77153033,-0.073198698,0.73188293,1.972316742,1.327470541,1.357760668,0.878437996,0.449404389,0.150598705,0.131516352,2.160238743
2020,26,Uruguay,6.440100193,0.045419082,6.529121399,6.351078987,9.948192596,0.92281127,69.00254822,0.892395437,-0.101103112,0.635994136,1.972316742,1.071000457,1.425081134,0.856928885,0.59426707,0.132143691,0.193425074,2.167276382
2020,27,Saudi Arabia,6.406499863,0.056533612,6.517305851,6.295693874,10.79781246,0.874067068,66.30514526,0.854191244,-0.168695062,0.682619512,1.972316742,1.334328532,1.309950113,0.759818137,0.548477471,0.087440684,0.163322315,2.203118801
2020,28,Spain,6.400899887,0.04230037,6.483808517,6.317991257,10.46292686,0.921125412,74.40270996,0.751989543,-0.050961714,0.765859902,1.972316742,1.230535269,1.421099186,1.051343083,0.425983816,0.16530548,0.109579779,1.997088432
2020,29,Guatemala,6.398900032,0.058398303,6.5133605,6.284439564,8.924805641,0.816621482,64.8089447,0.908147573,-0.042938665,0.783237457,1.972316742,0.753815711,1.174267054,0.705952585,0.613146722,0.170611665,0.0983603,2.882723093
2020,30,Italy,6.38740015,0.043288074,6.47224474,6.302555561,10.48183632,0.889878571,73.60168457,0.66465199,-0.043460999,0.873404682,1.972316742,1.236396074,1.347296,1.022504926,0.321305573,0.170266211,0.040145598,2.249505997
2020,31,Singapore,6.377099991,0.033258967,6.442287445,6.311912537,11.39552116,0.910268962,76.80458069,0.926645339,0.029879224,0.109784193,1.972316742,1.519580126,1.39545691,1.137814283,0.635317206,0.218770906,0.533162236,0.937031746
2020,32,Brazil,6.375599861,0.040790688,6.455549717,6.295650005,9.56643486,0.896723807,66.48016357,0.799804807,-0.101812392,0.770601273,1.972316742,0.952679873,1.363464117,0.766119063,0.483292729,0.131674588,0.106518604,2.571860313
2020,33,Slovenia,6.363399982,0.043841314,6.449328899,6.277471066,10.39232254,0.939575672,71.1029892,0.936142623,-0.080603383,0.817071021,1.972316742,1.208652496,1.464677691,0.932548046,0.646700144,0.145701498,0.076516323,1.888586521
2020,34,El Salvador,6.34829998,0.058248438,6.462466717,6.234133244,8.909075737,0.806092262,66.10826111,0.833805263,-0.121072978,0.754319906,1.972316742,0.748940408,1.149397612,0.752730012,0.524043918,0.1189363,0.117030352,2.937191725
2020,35,Kosovo,6.325200081,0.052216277,6.427544117,6.222856045,9.204429626,0.820726514,63.88555527,0.861535907,0.190933764,0.922328293,1.972316742,0.840481341,1.183962822,0.672709167,0.557280421,0.325286865,0.008559024,2.736902714
2020,36,Panama,6.304800034,0.059724931,6.421860695,6.187739372,10.03423405,0.902094483,69.60301208,0.880366504,-0.153927714,0.851588905,1.972316742,1.097667813,1.376149297,0.878546536,0.57984978,0.097207308,0.054230526,2.221176147
2020,37,Slovakia,6.280600071,0.03889757,6.35683918,6.204360962,10.34774971,0.922493756,68.90634155,0.749952674,-0.124409303,0.918096125,1.972316742,1.194837689,1.424331188,0.853465259,0.423542529,0.116729774,0.011291441,2.256422043
2020,38,Uzbekistan,6.257599831,0.05422755,6.36388588,6.151313782,8.740371704,0.926595807,65.10757446,0.974998116,0.248427153,0.501497388,1.972316742,0.696652949,1.434020042,0.716703713,0.693270326,0.363311023,0.280260265,2.073346615
2020,39,Chile,6.228499889,0.045723889,6.318118572,6.138881207,10.0320549,0.879713595,69.90061951,0.744896293,-0.065668367,0.838239431,1.972316742,1.096992493,1.323286891,0.889260828,0.417482227,0.155579001,0.06284935,2.283012867
2020,40,Bahrain,6.227300167,0.081882261,6.387789249,6.066811085,10.67638016,0.876342118,68.5,0.905855775,0.13372919,0.7393471,1.972316742,1.296692252,1.31532371,0.838836372,0.610399902,0.287453711,0.126697257,1.751917362
2020,41,Lithuania,6.215499878,0.044193108,6.302118301,6.128881454,10.34362602,0.926107109,67.29407501,0.747381449,-0.219725296,0.809583843,1.972316742,1.193559647,1.432865739,0.795421183,0.42046079,0.053691041,0.081350274,2.238146067
2020,42,Trinidad and Tobago,6.191899776,0.114448458,6.416218758,5.967580795,10.26000214,0.91529417,63.5,0.857907116,0.000526841,0.912230611,1.972316742,1.167641521,1.407326221,0.658828557,0.55293113,0.199358255,0.015078396,2.190695763
2020,43,Poland,6.186299801,0.035500165,6.255880356,6.116719246,10.26512432,0.874257445,69.31113434,0.862055779,-0.205084071,0.686927021,1.972316742,1.16922915,1.310399771,0.868038476,0.557903528,0.063374244,0.160541251,2.056797981
2020,44,Colombia,6.163400173,0.056480873,6.274102688,6.052697659,9.500369072,0.884440243,67.69958496,0.836179912,-0.161235645,0.86457181,1.972316742,0.93220371,1.33445096,0.810020149,0.526890039,0.092374094,0.04584837,2.421656609
2020,45,Cyprus,6.15899992,0.050605938,6.258187771,6.059812069,10.40570259,0.805996239,73.70222473,0.779858291,0.043731496,0.856271744,1.972316742,1.21279943,1.149170756,1.026124597,0.459385872,0.227932334,0.051207144,2.032334805
2020,46,Nicaragua,6.13710022,0.063886963,6.262318611,6.011881828,8.493160248,0.857497036,67.50717926,0.863902867,0.020959141,0.665950119,1.972316742,0.620033145,1.27081275,0.803093255,0.560117304,0.212871477,0.174084574,2.496081114
2020,47,Romania,6.123700142,0.047432564,6.216668129,6.030732155,10.107584,0.825161517,67.20723724,0.842823207,-0.19781521,0.934300244,1.972316742,1.120401621,1.1944381,0.79229486,0.534852326,0.068181619,0.000829569,2.412749767
2020,48,Kuwait,6.102099895,0.053297732,6.206563473,5.997636318,11.08982468,0.846475244,66.76764679,0.872366488,-0.100184701,0.760849059,1.972316742,1.424833655,1.244779825,0.776468933,0.570261419,0.132751092,0.112814933,1.840167999
2020,49,Mauritius,6.101299763,0.057226494,6.213463783,5.989135742,9.956786156,0.910357833,66.40434265,0.889534533,-0.018318573,0.805343091,1.972316742,1.07366395,1.395666838,0.763389409,0.590838134,0.186894551,0.084088229,2.006720543
2020,50,Kazakhstan,6.057899952,0.043229785,6.1426301,5.973169804,10.11465836,0.934744895,64.60996246,0.811601937,-0.068488635,0.764490843,1.972316742,1.122594237,1.453267694,0.698788941,0.497432142,0.153713793,0.110463686,2.021602631
2020,51,Estonia,6.021800041,0.035985194,6.092330933,5.95126915,10.34001732,0.934729993,68.60495758,0.87770915,-0.111697771,0.623073816,1.972316742,1.192441225,1.453232527,0.842615008,0.576664805,0.125136748,0.201766819,1.629928112
2020,52,Philippines,6.006000042,0.049858402,6.103722572,5.908277512,8.993545532,0.846730053,61.92676163,0.915463448,-0.105463006,0.733634114,1.972316742,0.775120676,1.245381713,0.602189481,0.621915162,0.129260212,0.130385727,2.501741886
2020,53,Hungary,6.000400066,0.039473221,6.077767372,5.923032761,10.24924374,0.921934128,67.60997009,0.718964577,-0.194323018,0.892916501,1.972316742,1.164307117,1.423009396,0.806793869,0.386401802,0.070491239,0.027548173,2.121845722
2020,54,Thailand,5.998799801,0.042596295,6.082288742,5.91531086,9.741791725,0.889973223,67.25059509,0.905063033,0.268685192,0.886272311,1.972316742,1.007029295,1.347519517,0.793855846,0.609449804,0.376709014,0.031837862,1.832384109
2020,55,Argentina,5.974699974,0.053441759,6.079445839,5.869954109,9.810955048,0.900567949,68.80380249,0.831132412,-0.194913864,0.842009842,1.972316742,1.028465629,1.372543693,0.849773705,0.520840347,0.070100471,0.060415059,2.072540998
2020,56,Honduras,5.953199863,0.065731592,6.082033634,5.824366093,8.424534798,0.821870148,67.19876862,0.870603263,0.086969115,0.801131904,1.972316742,0.598763585,1.186664104,0.791989982,0.568148077,0.256528199,0.086807102,2.464295387
2020,57,Latvia,5.949999809,0.034838136,6.018282413,5.881717205,10.17531967,0.918288589,66.8074646,0.671237648,-0.186888844,0.795580089,1.972316742,1.14139545,1.414398789,0.777902424,0.329198807,0.075407945,0.090391524,2.121283054
2020,58,Ecuador,5.925199986,0.052880634,6.028846264,5.821553707,9.246058464,0.836418986,68.50003815,0.859828949,-0.127014965,0.801215112,1.972316742,0.853383601,1.221027613,0.838837743,0.555234551,0.115006477,0.086753383,2.254933834
2020,59,Portugal,5.910900116,0.053158198,6.015089989,5.806710243,10.26374245,0.886590719,72.40202332,0.888747811,-0.220714301,0.892629504,1.972316742,1.168800831,1.339530349,0.979315281,0.589895189,0.053036947,0.027733466,1.752558708
2020,60,Jamaica,5.889800072,0.120590433,6.126157284,5.65344286,9.006250381,0.915701866,67.09999847,0.858068526,-0.125106767,0.888890028,1.972316742,0.779058397,1.408289194,0.788434088,0.553124607,0.116268493,0.030147785,2.214436531
2020,61,South Korea,5.872399807,0.044085015,5.958806515,5.785993099,10.51056671,0.799387157,73.6027298,0.612965107,-0.043404032,0.789067447,1.972316742,1.245300651,1.133560538,1.022542596,0.25935635,0.170303866,0.094596282,1.946757078
2020,62,Japan,5.870800018,0.041391667,5.951927662,5.789672375,10.57968903,0.883545935,75.00096893,0.809961379,-0.246910349,0.654558063,1.972316742,1.26672411,1.332338691,1.072881341,0.495465875,0.03571178,0.181439638,1.486200333
2020,63,Peru,5.796800137,0.061311204,5.916970253,5.67663002,9.456313133,0.831075251,68.10023499,0.824766099,-0.16238822,0.893714964,1.972316742,0.91854918,1.208405972,0.824444175,0.513210058,0.091611817,0.02703266,2.213499546
2020,64,Serbia,5.77820015,0.050712325,5.877596378,5.678803921,9.680980682,0.881475747,68.21020508,0.726495862,-0.073676221,0.843509018,1.972316742,0.988181829,1.327448964,0.828403294,0.395428419,0.15028289,0.059447147,2.029040098
2020,65,Bolivia,5.747499943,0.050645422,5.846765041,5.648234844,8.851115227,0.803108692,63.6004715,0.875873327,-0.09168113,0.822606206,1.972316742,0.730976343,1.142350554,0.662445664,0.5744645,0.138375074,0.072942637,2.425928593
2020,66,Pakistan,5.69329977,0.048216224,5.78780365,5.598795891,8.482727051,0.689062297,58.25313568,0.734833717,0.04489987,0.745705426,1.972316742,0.616799474,0.872979581,0.469933242,0.405421734,0.228705063,0.122592121,2.976876736
2020,67,Paraguay,5.692100048,0.051957864,5.793937683,5.590262413,9.389982224,0.898727894,65.63993835,0.885923445,0.007997713,0.834788501,1.972316742,0.897990823,1.36819756,0.735869646,0.586510062,0.204299241,0.065077379,1.83412528
2020,68,Dominican Republic,5.689199924,0.069831297,5.826069355,5.552330494,9.664880753,0.882085383,65.80748749,0.866202772,-0.131263286,0.755999923,1.972316742,0.983191848,1.328888893,0.741901696,0.5628739,0.112196781,0.115945682,1.844246864
2020,69,Bosnia and Herzegovina,5.674099922,0.046385963,5.765016556,5.583183289,9.455817223,0.829204142,67.80813599,0.651352704,0.098274559,0.933769107,1.972316742,0.91839546,1.203986526,0.813928187,0.305365741,0.264005244,0.001172487,2.16724205
2020,70,Moldova,5.607500076,0.042275578,5.690360069,5.524640083,8.776714325,0.843313575,65.01301575,0.721609175,-0.037741039,0.913314283,1.972316742,0.707916796,1.237312198,0.713299453,0.389571488,0.174049184,0.014378744,2.370968342
2020,71,Tajikistan,5.555699825,0.032321576,5.619050026,5.492349625,8.024810791,0.835297108,64.10459137,0.831383407,-0.025088511,0.592076063,1.972316742,0.474874616,1.218377709,0.680594802,0.521141171,0.182417125,0.221779913,2.25650835
2020,72,Montenegro,5.54610014,0.04898582,5.642112255,5.450088024,9.751860619,0.855314612,68.50534821,0.649565637,-0.075600356,0.783121586,1.972316742,1.010150075,1.265657902,0.839028895,0.303223848,0.14901033,0.098435111,1.880565882
2020,73,Russia,5.546000004,0.039609671,5.623634815,5.468365192,10.12887192,0.903150737,64.10045624,0.729892612,-0.151153743,0.864802599,1.972316742,1.126999617,1.378644109,0.68044591,0.399499595,0.099041916,0.045699362,1.815716743
2020,74,Kyrgyzstan,5.541500092,0.043677468,5.627108097,5.455892086,8.148405075,0.887228489,64.10601044,0.909374893,0.154772058,0.888396084,1.972316742,0.513180971,1.341036677,0.680645883,0.614617765,0.30137074,0.030466691,2.060206652
2020,75,Belarus,5.539899826,0.037060037,5.612537384,5.467262268,9.779945374,0.90674746,66.10433197,0.639163077,-0.164926544,0.63571167,1.972316742,1.018854499,1.38713932,0.75258857,0.290755868,0.08993306,0.193607435,1.8069911
2020,76,North Cyprus,5.53550005,0.051037241,5.635532856,5.435467243,10.40570259,0.820356607,73.70222473,0.79529351,0.000227159,0.62611568,1.972316742,1.21279943,1.183089137,1.026124597,0.477885723,0.199160054,0.199802905,1.23668766
2020,77,Greece,5.514999866,0.046931833,5.606986046,5.423013687,10.13232613,0.814380348,72.40525818,0.541345119,-0.300907373,0.859931409,1.972316742,1.128070116,1.168973565,0.979431748,0.173516348,0,0.048844352,2.016179085
2020,78,Hong Kong S.A.R. of China,5.510399818,0.046019029,5.600596905,5.420202732,10.9346714,0.845969081,76.77170563,0.779833794,0.134979904,0.420607209,1.972316742,1.376746058,1.243584275,1.136630654,0.459356517,0.288280904,0.332485437,0.673293114
2020,79,Croatia,5.504700184,0.037783645,5.578756332,5.430644035,10.07087517,0.874623716,70.21490479,0.714838803,-0.128538325,0.916495264,1.972316742,1.109024286,1.311264873,0.900575578,0.381456882,0.113998979,0.012325006,1.676029205
2020,80,Libya,5.488800049,0.060677204,5.607727528,5.36987257,9.789815903,0.825942934,62.29999924,0.773157001,-0.085054487,0.668779135,1.972316742,1.021913767,1.196283698,0.615626633,0.451354057,0.142757699,0.172258079,1.888563156
2020,81,Mongolia,5.456200123,0.040313236,5.535213947,5.377186298,9.412186623,0.937142491,62.30448532,0.693351328,0.098093867,0.863511205,1.972316742,0.904872775,1.458930612,0.615788162,0.355703115,0.263885736,0.046533126,1.810527563
2020,82,Malaysia,5.384300232,0.048802696,5.479953289,5.288647175,10.26251888,0.816509426,67.10215759,0.894626856,0.114726797,0.839302301,1.972316742,1.168421626,1.17400229,0.788511872,0.596941531,0.274886161,0.062163133,1.319420815
2020,83,Vietnam,5.353499889,0.033800762,5.41974926,5.287250519,8.809545517,0.849987149,67.9527359,0.939592957,-0.094533332,0.79642123,1.972316742,0.718092382,1.253074765,0.819133997,0.650835574,0.136488721,0.089848459,1.685977936
2020,84,Indonesia,5.285600185,0.047692381,5.379077435,5.192122936,9.36975193,0.808379889,62.15584946,0.870614409,0.519586504,0.876296401,1.972316742,0.891720712,1.154800892,0.610437036,0.568161428,0.542646527,0.038278613,1.479573488
2020,85,Ivory Coast,5.233300209,0.073095515,5.376567364,5.090033054,8.225561142,0.658048689,49.50377274,0.727909327,-0.043991156,0.790771961,1.972316742,0.537094414,0.799727261,0.154942513,0.397122532,0.169915587,0.093495794,3.081022501
2020,86,Benin,5.21600008,0.077759244,5.368408203,5.063591957,7.674319744,0.468671143,54.31246567,0.735182583,-0.003537213,0.740532577,1.972316742,0.366244704,0.352428436,0.328062952,0.40583989,0.196670428,0.125931874,3.440809727
2020,87,Maldives,5.197599888,0.071985401,5.338691235,5.056508541,9.518632889,0.91316092,70.59999847,0.853962779,0.038085498,0.824211061,1.972316742,0.937864304,1.402287602,0.914439559,0.548203647,0.224198252,0.071906492,1.098674774
2020,88,Congo (Brazzaville),5.194399834,0.077028967,5.345376492,5.043423176,8.536987305,0.640228093,57.92448044,0.719058514,-0.123674095,0.751779079,1.972316742,0.633616745,0.757636011,0.458101124,0.386514395,0.117216013,0.118670784,2.722619534
2020,89,Azerbaijan,5.164800167,0.034197241,5.231826782,5.097773552,9.687726974,0.819308281,65.50839996,0.786824107,-0.240255281,0.55253756,1.972316742,0.990272701,1.180613041,0.731134057,0.467734724,0.040113214,0.247307181,1.507632971
2020,90,Macedonia,5.159800053,0.046761535,5.251452446,5.068147659,9.510591507,0.820392311,67.50442505,0.738840938,-0.019877451,0.897490501,1.972316742,0.935371995,1.183173537,0.802994132,0.410224587,0.18586354,0.024595059,1.617594957
2020,91,Ghana,5.147999763,0.058634609,5.262923717,5.033075809,8.350645065,0.728601098,57.20398712,0.794796526,0.094170853,0.847964764,1.972316742,0.575862467,0.96636796,0.432162255,0.477290064,0.261291206,0.056570381,2.378437281
2020,92,Nepal,5.137199879,0.057692084,5.250276566,5.024123192,7.925357342,0.785512447,63.77917862,0.797565043,0.154168829,0.738099158,1.972316742,0.444050372,1.100789309,0.66887939,0.480608255,0.300971806,0.127502963,2.014386892
2020,93,Turkey,5.131800175,0.039838459,5.20988369,5.05371666,10.12941933,0.826313555,66.90281677,0.608830452,-0.171046436,0.748197377,1.972316742,1.127169251,1.197159171,0.781335294,0.25440076,0.085885569,0.120983243,1.564816713
2020,94,China,5.123899937,0.025901664,5.174667358,5.073132515,9.688568115,0.798760593,69.2891922,0.898517907,-0.18142575,0.7539711,1.972316742,0.990533412,1.132080674,0.867248535,0.601605117,0.079021044,0.117255554,1.336181879
2020,95,Turkmenistan,5.119100094,0.029379817,5.17668438,5.061515808,9.74803257,0.958966196,62.21170807,0.826457024,0.187671542,0.883691847,1.972316742,1.008963585,1.510476947,0.612448037,0.515236676,0.323129326,0.03350389,1.115337372
2020,96,Bulgaria,5.101500034,0.04422117,5.188173294,5.014826775,9.869318962,0.937840343,66.80397797,0.745178163,-0.143908441,0.935585141,1.972316742,1.046554685,1.460578918,0.777776897,0.417820066,0.103833713,0,1.294961452
2020,97,Morocco,5.094799995,0.05565045,5.203875065,4.985724926,8.940313339,0.592628479,65.89624023,0.772072434,-0.240377247,0.815724611,1.972316742,0.75862211,0.645208478,0.745096922,0.450054139,0.040032551,0.077385604,2.378402472
2020,98,Cameroon,5.084899902,0.067296073,5.216800213,4.952999592,8.118647575,0.700386405,52.7049408,0.763051808,-0.00149645,0.851336598,1.972316742,0.503958046,0.89972645,0.270189553,0.439242482,0.198020101,0.054393422,2.719370842
2020,99,Venezuela,5.053199768,0.06428051,5.179189682,4.927209854,8.977793694,0.890408158,66.50534058,0.62327832,-0.169090509,0.837038398,1.972316742,0.770238638,1.348546863,0.76702553,0.271717221,0.087179154,0.063624777,1.74484086
2020,100,Algeria,5.005099773,0.044236008,5.09180212,4.918397427,9.537964821,0.803385139,65.90517426,0.466610909,-0.121105164,0.735485137,1.972316742,0.943856001,1.143003583,0.745418549,0.083943799,0.118915014,0.129190654,1.840811729
2020,101,Senegal,4.980800152,0.05276908,5.084227562,4.877372742,8.118982315,0.723616004,59.59915161,0.690596163,-0.052335154,0.808785141,1.972316742,0.504061818,0.95459342,0.518391907,0.352400899,0.164397135,0.081865937,2.405123949
2020,102,Guinea,4.949299812,0.073042229,5.09246254,4.806137085,7.750990391,0.637573481,54.46780014,0.706846774,0.076328471,0.761794448,1.972316742,0.390007734,0.75136596,0.333655238,0.371878058,0.249490842,0.112204559,2.740729809
2020,103,Niger,4.909599781,0.077208281,5.060927868,4.758271694,6.842166901,0.617435038,53.50009537,0.759772122,0.013860817,0.722530186,1.972316742,0.108330332,0.703800142,0.298816353,0.435311615,0.208176896,0.137554765,3.017630577
2020,104,Laos,4.888599873,0.040268615,4.967526436,4.809673309,8.79858017,0.737502217,58.70992279,0.907213569,0.11137148,0.634679317,1.972316742,0.714693844,0.987391889,0.486378282,0.612027287,0.27266711,0.194273964,1.621152639
2020,105,Albania,4.882699966,0.056115732,4.992686749,4.772713184,9.417930603,0.671070457,68.70813751,0.781994224,-0.042309489,0.896303713,1.972316742,0.906653047,0.830483913,0.846329629,0.461945891,0.171027765,0.025361285,1.640897036
2020,106,Cambodia,4.848400116,0.058006871,4.962093353,4.734706879,8.249890327,0.773080647,61.52996826,0.959704638,0.051911179,0.822769046,1.972316742,0.544634938,1.071426034,0.587904334,0.674940348,0.233342081,0.072837502,1.663300037
2020,107,Bangladesh,4.832799911,0.040124193,4.911443233,4.75415659,8.287063599,0.687292993,64.50306702,0.90062499,-0.033664726,0.661843538,1.972316742,0.556156278,0.868800581,0.694940507,0.604130566,0.176745117,0.176735908,1.755261898
2020,108,Gabon,4.829299927,0.060268242,4.947425842,4.711174011,9.680537224,0.787886858,59.71533966,0.704829216,-0.222261623,0.849150956,1.972316742,0.988044381,1.10639751,0.522574842,0.369459897,0.052013602,0.055804539,1.735027552
2020,109,South Africa,4.814099789,0.060023591,4.931746006,4.696453571,9.403370857,0.852532268,56.50601196,0.759330094,-0.109777324,0.843423843,1.972316742,0.902140439,1.259086251,0.407034069,0.43478182,0.126406848,0.05950214,1.625117302
2020,110,Iraq,4.784800053,0.077791877,4.937272072,4.632328033,9.661095619,0.747694969,59.90354919,0.633182645,-0.06956476,0.82226181,1.972316742,0.982018709,1.011466622,0.529350698,0.283588052,0.153002068,0.073164992,1.752173662
2020,111,Lebanon,4.771500111,0.043753985,4.857257843,4.685742378,9.3617239,0.824338138,67.10658264,0.551357508,-0.06121527,0.90225625,1.972316742,0.889232516,1.19249332,0.788671136,0.18551667,0.158524141,0.021518147,1.53554225
2020,112,Burkina Faso,4.768700123,0.062067267,4.890351772,4.647048473,7.46854496,0.712943614,53.88945389,0.665563583,-0.019080516,0.739795029,1.972316742,0.302467644,0.9293859,0.312833875,0.322398156,0.186390609,0.126408055,2.588826418
2020,113,Gambia,4.750599861,0.067163654,4.882240772,4.61895895,7.321814537,0.6931687,55.0120163,0.733163178,0.343198717,0.690717816,1.972316742,0.256990552,0.882678688,0.353247881,0.403419524,0.425989687,0.158093795,2.270216465
2020,114,Mali,4.729300022,0.064362764,4.855451107,4.603148937,7.629852295,0.731468976,51.72698212,0.71156615,-0.044366926,0.839328408,1.972316742,0.352462649,0.97314173,0.234981522,0.377534449,0.16966705,0.062146276,2.559335232
2020,115,Nigeria,4.724100113,0.05211626,4.826248169,4.621952057,8.57662487,0.73721689,49.86190796,0.759578407,0.033745807,0.861874342,1.972316742,0.645901859,0.986717939,0.167835936,0.435079455,0.221328124,0.047589935,2.219635487
2020,116,Armenia,4.676799774,0.058595356,4.791646481,4.561953068,9.100476265,0.757479429,66.75065613,0.712017834,-0.13877961,0.773544788,1.972316742,0.808262408,1.034576893,0.77585727,0.378075808,0.107225738,0.104618184,1.468161583
2020,117,Georgia,4.672599792,0.043417413,4.757698059,4.587501526,9.226100922,0.629033029,64.49520874,0.801641524,-0.22892037,0.665944695,1.972316742,0.847198069,0.7311939,0.694657624,0.485494107,0.047609735,0.174088076,1.69239831
2020,118,Iran,4.672399998,0.055878021,4.78192091,4.562879086,9.813719749,0.694689691,66.00614929,0.647873282,0.117891103,0.714635968,1.972316742,1.029322505,0.886271179,0.749053836,0.301195472,0.27697894,0.142651513,1.286969423
2020,119,Jordan,4.633399963,0.058751218,4.748552322,4.518247604,9.025999069,0.80216372,66.79975128,0.75104779,-0.162565202,0.700344324,1.972316742,0.785179198,1.140118599,0.777624726,0.424855083,0.091494769,0.151878625,1.262258053
2020,120,Mozambique,4.623600006,0.079284087,4.778996944,4.468203068,7.069345951,0.723874032,54.20582199,0.864451885,0.032375868,0.683019102,1.972316742,0.178741366,0.955202878,0.324223638,0.56077534,0.220422104,0.163064316,2.221216202
2020,121,Kenya,4.583000183,0.067804985,4.715898037,4.450102329,8.02977562,0.702652037,60.09693146,0.829747558,0.294681519,0.831499159,1.972316742,0.476413399,0.905077755,0.536312759,0.519180536,0.393902093,0.067201078,1.684904575
2020,122,Namibia,4.571100235,0.060983475,4.690628052,4.451572418,9.203141212,0.846880972,56.50148773,0.767520964,-0.18530646,0.851449788,1.972316742,0.84008199,1.245738149,0.40687117,0.444598973,0.076454483,0.054320343,1.503033161
2020,123,Ukraine,4.56069994,0.049683895,4.658080578,4.463319302,9.010690689,0.878879368,64.60678101,0.663081884,-0.030933706,0.920636714,1.972316742,0.780434608,1.321316481,0.698674381,0.319423705,0.178551316,0.00965116,1.252669334
2020,124,Liberia,4.557899952,0.081956357,4.71853447,4.397265434,7.054380417,0.70928055,56.09631348,0.735268712,0.04227322,0.856375933,1.972316742,0.174103007,0.920733929,0.392284274,0.405943096,0.226967871,0.051139876,2.386757851
2020,125,Palestinian Territories,4.552800179,0.055874817,4.662314892,4.443285465,8.389223099,0.825295925,62.25,0.645791829,-0.162079096,0.824199975,1.972316742,0.587819219,1.194755554,0.613826573,0.29870075,0.091816261,0.071913652,1.693985701
2020,126,Uganda,4.43200016,0.068495452,4.566251278,4.297749043,7.500389576,0.764994621,55.70820236,0.731713951,0.099487431,0.836737812,1.972316742,0.312337428,1.052327394,0.378311664,0.401682556,0.264807373,0.063818842,1.958671093
2020,127,Chad,4.422699928,0.075231321,4.570153236,4.27524662,7.467963696,0.632388055,48.22053909,0.587305248,0.017834719,0.802760839,1.972316742,0.302287489,0.739118278,0.1087441,0.228601769,0.210805088,0.085755408,2.74742651
2020,128,Tunisia,4.392199993,0.049670532,4.489554405,4.294845581,9.314972878,0.688718557,66.89785767,0.593361557,-0.216413811,0.867590249,1.972316742,0.874742687,0.872167706,0.781156719,0.235860556,0.055881143,0.043899573,1.528496742
2020,129,Mauritania,4.374599934,0.055093341,4.482583046,4.266616821,8.233919144,0.790819228,57.01017761,0.551522553,-0.106008142,0.746223509,1.972316742,0.539684892,1.113323569,0.425184816,0.185714483,0.128899664,0.122257635,1.85955739
2020,130,Sri Lanka,4.327000141,0.053085525,4.431047916,4.222952366,9.389969826,0.825374067,67.20006561,0.837633669,0.081129618,0.859001756,1.972316742,0.897986948,1.19494009,0.792036712,0.528632462,0.252666146,0.049444564,0.611288548
2020,131,Congo (Kinshasa),4.31099987,0.108998232,4.524636269,4.097363472,6.694256306,0.672159016,52.90000153,0.700793564,0.083637655,0.809403598,1.972316742,0.062487468,0.833055019,0.277212054,0.36462298,0.254324883,0.081466645,2.437864304
2020,132,Swaziland,4.308100224,0.07145194,4.448145866,4.168054581,9.16267395,0.770290196,51.18823624,0.646822274,-0.19920142,0.708263338,1.972316742,0.827539742,1.064835191,0.215585828,0.299935788,0.067264833,0.146765873,1.686207294
2020,133,Myanmar,4.308000088,0.042949215,4.392180443,4.223819733,8.680481911,0.78440702,58.96171188,0.895075202,0.560663998,0.645124316,1.972316742,0.67809093,1.098178267,0.495443076,0.597478867,0.569813728,0.187530354,0.681462526
2020,134,Comoros,4.288599968,0.084340192,4.453906536,4.1232934,7.833630085,0.625662446,57.34901047,0.547612607,0.090008408,0.780622602,1.972316742,0.415620774,0.723232806,0.437383324,0.181028232,0.258538276,0.100048535,2.17276907
2020,135,Togo,4.187200069,0.062506773,4.309713364,4.064686775,7.357711315,0.551312625,54.71989822,0.649828613,0.002667875,0.757733464,1.972316742,0.268116266,0.547622859,0.342731178,0.303539038,0.200774252,0.114826456,2.409595251
2020,136,Ethiopia,4.186200142,0.038915094,4.262473583,4.109926701,7.509385586,0.743307352,58.63959122,0.740795195,0.043377332,0.753690004,1.972316742,0.315125644,1.001103282,0.483846247,0.41256687,0.227698103,0.117437035,1.628459215
2020,137,Madagascar,4.165599823,0.057542104,4.278382301,4.052817345,7.281685829,0.668195903,59.10542679,0.557574093,-0.011823639,0.817485631,1.972316742,0.244553208,0.823694348,0.500617027,0.192967549,0.191190064,0.076248638,2.136298418
2020,138,Egypt,4.151400089,0.035979424,4.221919537,4.080880642,9.316541672,0.735447824,61.78015137,0.708354175,-0.196878314,0.787726879,1.972316742,0.875228941,0.982539535,0.596911311,0.373684734,0.068801254,0.095461793,1.158818245
2020,139,Sierra Leone,3.926399946,0.061150789,4.046255589,3.806544304,7.26880312,0.636142015,50.86514282,0.715315044,0.088660747,0.861330688,1.972316742,0.240560383,0.747984946,0.203953966,0.382027686,0.257647008,0.047940936,2.046271801
2020,140,Burundi,3.775300026,0.107122384,3.98526001,3.565340042,6.492642403,0.490325719,53.40000153,0.626350224,-0.017551597,0.606934547,1.972316742,0,0.403575271,0.295212835,0.275399059,0.187401786,0.212186828,2.401507378
2020,141,Zambia,3.759399891,0.06067669,3.878326178,3.640473604,8.224720001,0.698824465,55.29937744,0.806500256,0.078037128,0.801289678,1.972316742,0.536833763,0.896037281,0.36359334,0.49131754,0.250620902,0.086705238,1.134339333
2020,142,Haiti,3.720799923,0.101463005,3.919667482,3.521932364,7.411329269,0.593247831,55.59862518,0.537825167,0.40053457,0.684767246,1.972316742,0.284734428,0.646671355,0.37436673,0.169297516,0.463909656,0.161935672,1.619916916
2020,143,Lesotho,3.652800083,0.082120985,3.813757181,3.491842985,7.960488319,0.780495703,48.00362396,0.738125861,-0.145732045,0.857392073,1.972316742,0.45493874,1.088940024,0.100934811,0.409367532,0.102627642,0.050483823,1.445513964
2020,144,India,3.573299885,0.027702235,3.627596378,3.519003391,8.849823952,0.592200935,60.21518707,0.881444871,0.057551607,0.772042692,1.972316742,0.730576158,0.644198656,0.54057014,0.581142247,0.237072483,0.105587982,0.734130859
2020,145,Malawi,3.538000107,0.070260517,3.675710678,3.400289536,7.062226295,0.544007301,57.59288788,0.803223193,0.021433279,0.731700778,1.972316742,0.176534727,0.53036809,0.446163297,0.487389833,0.213185057,0.131633952,1.552718282
2020,146,Yemen,3.527400017,0.054158084,3.633549929,3.421250105,7.759682655,0.817980587,56.72728348,0.599920273,-0.157735437,0.800287724,1.972316742,0.392701775,1.177477121,0.41500017,0.243721485,0.094689012,0.087352127,1.116472721
2020,147,Botswana,3.478899956,0.060542691,3.597563744,3.360236168,9.711203575,0.779121757,58.92445374,0.821328104,-0.250394493,0.777930915,1.972316742,0.997548997,1.08569479,0.494101733,0.50908941,0.033407487,0.101786368,0.257240534
2020,148,Tanzania,3.476200104,0.06320975,3.600091219,3.352308989,7.967665195,0.688933194,57.49607468,0.82153976,0.109668687,0.619799435,1.972316742,0.457163125,0.872674644,0.442677855,0.509343088,0.27154091,0.203880861,0.718963385
2020,149,Central African Republic,3.475899935,0.115182951,3.701658487,3.250141382,6.625160217,0.319459856,45.20000076,0.640880644,0.082410358,0.891806662,1.972316742,0.041072082,0,0,0.292814463,0.253513217,0.028264718,2.860197544
2020,150,Rwanda,3.312299967,0.052425209,3.415053368,3.209546566,7.600104332,0.54083544,61.09884644,0.900589406,0.055483952,0.183541179,1.972316742,0.343242675,0.522876322,0.572383285,0.604087889,0.235704988,0.485542476,0.548444986
2020,151,Zimbabwe,3.299200058,0.058674462,3.414201975,3.184198141,7.865711689,0.763092756,55.61725998,0.711457908,-0.072063953,0.81023699,1.972316742,0.425564021,1.047835231,0.375037611,0.37740472,0.151349187,0.080928579,0.841031075
2020,152,South Sudan,2.816600084,0.107610404,3.027516365,2.605683804,7.425359726,0.553707123,51,0.451313615,0.016518548,0.763417304,1.972316742,0.289082974,0.553278506,0.208809033,0.065609254,0.209934607,0.111156799,1.378751278
2020,153,Afghanistan,2.566900015,0.031311426,2.628270388,2.505529642,7.462860584,0.470366955,52.59000015,0.396573007,-0.0964294,0.933686554,1.972316742,0.30070585,0.356433839,0.266051531,0,0.135234714,0.001225785,1.507235646